file,ministry,project_name,category,text_length,content
경찰청_과학기술 기반 군중밀집 관리 기술 개발(R%26D).pdf,경찰청,경찰청_과학기술 기반 군중밀집 관리 기술 개발(R%26D),R&D,4352,"사 업 명
과학기술기반군중밀집관리기술개발(R&D) (4431-720)
□ 사업 코드 정보
구분 회계 소관 실국(기관) 계정 분야 부문
코드 020 023
일반회계 경찰청 미래치안정책국
명칭 공공질서및안전 경찰
구분 프로그램 단위사업 세부사업
코드 4400 4431 720
과학기술기반군중
명칭 과학치안활성화 정책연구개발(R&D)
밀집관리기술개발(R&D)
□ 사업 성격
예비타당성 총사업비 총액계상 사업소관 변경정보
신규 계속 완료
실시여부 관리대상 예산사업 2025예산 시 소관
○
□ 사업 지원 형태 및 지원율
직접 출자 출연 보조 융자 국고보조율(%) 융자율 (%)
○
□ 사업 담당자
사업명 구분
소관부처 마래치안정채국
사업시행주체 과학기술개발진흥과
가. 예산 총괄표
(단위: 백만원, %)
2024년 2025년 예산 2026년 증감
사업명
결산 본예산(A) 요구 조정(B) (B-A) (B-A)/A
과학기술기반군중
밀집관리기술개발 1,092 1,976 1,976 1,976 - -
(R&D)
□ 내역사업별 예산 내역
(단위: 백만원)
2024 2025(’25.11월말)
전년도 이월액
2026
예산액 예산 집행액 예산 집행액 제외 이월 불용
이월액 불용액 본예산 예산
(추경) 현액 [실집행액] 현액 [실집행액] 예산 집행액 예상액예상액
현액 [실집행액]
1,092 1,976 1,976
◦기능별 분류(합계) 1,092 1,092 - - 1,976 1,976 1,976 - - 1,976
[1,092] [1,976] [1,976]
･과학기술 기반
1,050 1,900 1,900
군중밀집 관리 1,050 1,050 - - 1,900 1,900 1,900 - - 1,900
[1,050] [1,900] [1,900]
기술 개발
42 76 76
･기획평가관리비 42 42 - - 76 76 76 - - 76
[42] [76] [76]
나. 사업설명자료
1) 사업목적･내용
- (①내역: 과학기술 기반 군중밀집 관리 기술 개발) 군중 분석 및 관리 기술 개발을 통해
밀집도를 계산･예측하고 이를 기반으로 현장 상황 분석과 경찰력 지원까지 연계 가능
한 종합솔루션 개발
- (②내역: 기획평가관리비) 원활한 사업 추진을 위한 기획, 평가, 관리 등 소요 비용
2) 사업개요
□ 사업근거 및 추진경위
① 법령상 근거 및 조항 적시
- 국가경찰과 자치경찰의 조직 및 운영에 관한 법률 제33조(치안에 필요한 연구개발의 지원 등)
- 재난 및 안전관리 기본법 제71조(재난 및 안전관리에 필요한 과학기술의 진흥 등)
- 과학기술기본법 제16조의6(과학기술을 활용한 사회문제 해결)
- 국정과제 국민안전을 위한 법질서 확립 및 민생치안 역량 강화(예방중심 치안활동 강화),
국민안전 보장을 위한 재난안전관리체계 확립
② 추진경위
- ’22. 11. : 경찰청 인파관리 대책 수립 TF를 통해 신규 R&D 사업 기획･추진
- (2023년) 행정안전부와 함께 사업을 추진하고자 사전 회의 개최, 사전 기획
- (2024년) 신규 과제 주관연구기관 선정 및 협약 체결
- (2025년) 2024년도 연구 수행 내용 컨설팅
□ 주요내용
① 사업규모
- 사업기간 : (당초) ’24~’27 → (변경) ’24~’26 / 신속한 현장 적용을 위해 단축
※ 사업비 100.36억(국고 경찰청 50.44억 + 행안부 49.92억)
- 최근 5년 간 투입된 사업비(예산액기준, 추경편성한 연도에는 추경포함)
연도 2022 2023 2024 2025 2026
사업비 - - 1,092 1,976 1,976
② 사업추진체계
- 사업시행방법 : 출연
- 사업시행주체 : 과학치안진흥센터
※ 다부처 사업 - 경찰청(주), 행안부
- 사업 수혜자 : 국민, 현장 경찰관, 지자체, 대학, 출연연, 기업 등
- 보조, 융자, 출연, 출자 등의 경우 보조･융자 등 지원 비율 및 법적근거
피보조･
지원 금액 지원
내역사업명 구분 피출연 등 보조율 법적근거 (해당 조항)
(2026예산) 비율(%)
기관명
과학기술
기반
군중밀집 1,900 100 - 국가경찰과 자치경찰의 조직 및 운영에
과학치안
관한 법률 제33조
관리 기술 출연
진흥센터
개발 - 재난 및 안전관리 기본법 제71조
기획평가
76 100
관리비
3) 2026년도 예산 산출 근거
① 과학기술 기반 군중밀집 관리 기술 개발 : (’25) 1,900 → (’26) 1,900백만원(전년동)
1. 과학기술 기반 군중밀집 관리 기술 개발 : 1,900 → 1,900백만원(전년동)
② 기획평가관리비 : (’25) 76 → (’26) 76백만원(전년동)
1. 기획평가관리비 : 76 → 76백만원(전년동)
4) 사업효과
□ 사업영향, 산출물 성과지표 등
① ’22~’26년도 성과계획서 상 성과지표 및 최근 5년간 성과 달성도
’25목표치 측정산식 자료수집방법
성과지표 구분 '24 '25 '26
산출근거 (또는 측정방법) (또는 자료출처)
목표 신규 60 90 단위면적 당 혼잡
혼잡위험도 정보 최종목표 90% 달성을
위험도 지표와 실제 연차보고서.,
분석 기술 정확도 실적 - - - 위한 점진적 목표
위험도 지표 비교 공인시험 등
(단위: %) 상향
달성도 - - - 측정
혼잡위험 정보의 목표 신규 50 83.3 혼잡위험 정보 사용자가 혼잡
실시간성 효율화 실시간성 5분 달성을 위험도 정보 계산 연차보고서.,
실적 - - -
지수 위한 점진적 목표 요구시 결과 산출 공인시험 등
(단위: %) 달성도 - - - 상향 시간 측정
밀집 위험 대응 인력
목표 신규 60 120
및 장비 배치에
혼잡위험 정보의 예측 정확도가 80%
필요한 최대 소요 연차보고서.,
예측 시간 확보 실적 - - - 이상인 예측 시간
시간인 120분을 공인시험 등
(단위: 분) 측정
기준으로 점진적
달성도 - - -
목표 상향
※ 상기 지표는 전략계획서 수립(성과목표･지표 상위점검) 결과에 따라, 변경사항 반영 예정
② 성과지표 이외의 연도별 사업추진 경과 및 실적
- 멀티모달 데이터 융합 기반 군중 밀집도/위험도 판단･예측 기술 확보를 위한 기술개발
2025
- 지자체(용산구청) 테스트베드 구축
③ 향후(’26년도 이후) 기대효과
◦ 멀티모달 데"
경찰청_치안데이터활용기술개발(R%26D).pdf,경찰청,경찰청_치안데이터활용기술개발(R%26D),R&D,4104,"사 업 명
치안데이터활용기술개발(R&D) (4431-730)
□ 사업 코드 정보
구분 회계 소관 실국(기관) 계정 분야 부문
코드 020 023
일반회계 경찰청 미래치안정책국
명칭 공공질서및안전 경찰
구분 프로그램 단위사업 세부사업
코드 4400 4431 730
치안데이터활용기술개발
명칭 과학치안활성화 정책연구개발(R&D)
(R&D)
□ 사업 성격
예비타당성 총사업비 총액계상 사업소관 변경정보
신규 계속 완료
실시여부 관리대상 예산사업 2025예산 시 소관
○
□ 사업 지원 형태 및 지원율
직접 출자 출연 보조 융자 국고보조율(%) 융자율 (%)
○
□ 사업 담당자
사업명 구분
소관부처 마래치안정책국
사업시행주체 과학기술개발진흥과
가. 예산 총괄표
(단위: 백만원, %)
2024년 2025년 예산 2026년 증감
사업명
결산 본예산(A) 요구 조정(B) (B-A) (B-A)/A
치안데이터
활용기술개발 - - 3,120 1,560 1,560 순증
(R&D)
□ 내역사업별 예산 내역
(단위: 백만원)
2024 2025(’25.11월말)
전년도 이월액
2026
예산액 예산 집행액 예산 집행액 제외 이월 불용
이월액 불용액 본예산 예산
(추경) 현액 [실집행액] 현액 [실집행액] 예산 집행액 예상액예상액
현액 [실집행액]
◦기능별 분류(합계) - - - - - - - - - - - - 1,560
･치안비정형데이터
암호화컴퓨팅 기 - - - - - - - - - - - - 1,500
술개발
･기획평가관리비 - - - - - - - - - - - - 60
나. 사업설명자료
1) 사업목적･내용
- (①내역: 치안 비정형 데이터 암호화 컴퓨팅 기술개발) 암호화 컴퓨팅 알고리즘 및 데이터
처리기술과 암호화 컴퓨팅 AI 알고리즘을 개발하고 검증
1) 암호화 컴퓨팅 알고리즘 및 데이터 처리 기술 개발
2) 암호화 데이터 친화적 AI 알고리즘 개발 및 검증
< 치안 비정형 데이터 암호화 컴퓨팅 >
- (②내역: 기획평가관리비) 원활한 사업 추진을 위한 기획, 평가, 관리 등 소요 비용
2) 사업개요
□ 사업근거 및 추진경위
① 법령상 근거 및 조항 적시
- 국가경찰과 자치경찰의 조직 및 운영에 관한 법률 제33조(치안에 필요한 연구개발의
지원 등)
- 과학기술기본법 제16조의6(과학기술을 활용한 사회문제 해결)
- 지능정보화 기본법 제60조(안전성 보호조치)
- 국정과제 국민안전을 위한 법질서 확립 및 민생치안 역량 강화(예방중심 치안활동 강화,
치안 AI 혁신 신종범죄 대응역량 강화)
② 추진경위
- 경찰청 全 국관･산학연 대상 기술수요조사 실시(’24. 3. ~ ’24. 4.)
- 치안 비정형 데이터 암호화 컴퓨팅 기술 개발사업 기획연구(’24.7. ~ ’25.3.)
- 25~’29 중기사업계획(’25.1.)
□ 주요내용
① 사업규모
- 사업기간 : ’26~’29 / 사업비 168.38억(국고 156억 + 민간 12.38억)
- 최근 5년 간 투입된 사업비(예산액기준, 추경편성한 연도에는 추경포함)
연도 2022 2023 2024 2025 2026
사업비 - - - - 1,560
② 사업추진체계
- 사업시행방법 : 출연
- 사업시행주체 : 과학치안진흥센터
- 사업 수혜자 : 국민, 현장 경찰관, 대학, 출연연, 기업 등
- 보조, 융자, 출연, 출자 등의 경우 보조･융자 등 지원 비율 및 법적근거
피보조･피
지원 금액 지원
내역사업명 구분 출연 등 보조율 법적근거 (해당 조항)
(2026예산) 비율(%)
기관명
치안비정형
데이터암호화
1,500 100
컴퓨팅기술 과학치안 - 국가경찰과 자치경찰의 조직 및 운영에
출연 관한 법률 제33조
개발 진흥센터
기획평가
60 100
관리비
3) 2026년도 예산 산출 근거
① 치안 데이터 활용 기술 개발 : (’25) 0 → (’26) 1,500백만원(순증)
1. 암호화 컴퓨팅 알고리즘 및 데이터 처리기술 개발 : 0 → 900백만원(순증)
2. 암호화 데이터 친화적 AI 알고리즘 개발 및 검증 : 0 → 600백만원(순증)
② 기획평가관리비 : (’25) 0 → (’26) 60백만원(순증)
1. 기획평가관리비 : 0 → 60백만원(순증)
4) 사업효과
□ 사업영향, 산출물 성과지표 등
① ’22~’26년도 성과계획서 상 성과지표 및 최근 5년간 성과 달성도
※ ’26년도 신규사업으로 기획보고서 상 목표지표를 작성
’26목표치 측정산식 자료수집방법
성과지표 구분 '22 '23 '24 '25 '26
산출근거 (또는 측정방법) (또는 자료출처)
암호화 컴퓨팅
목표 - - - - 신규
비정형 데이터 검증용 환경에서
인증시험기관
암/복호화 속도 실적 - - - - - ’26년 신규사업 테스트하고 성능
시험성적서
(단위: 초) 데이터를 수집하여
달성도 - - - - -
평가를 진행함
암호화 컴퓨팅
기존 암호화 목표 - - - - 신규
검증용 환경에서
데이터 전환 인증시험기관
실적 - - - - - ’26년 신규사업 테스트하고 성능
무결성 시험성적서
데이터를 수집하여
(단위: %) 달성도 - - - - -
평가를 진행함
암호화 컴퓨팅
목표 - - - - 신규
암호화된 객체인식 검증용 환경에서
인증시험기관
모델 속도 실적 - - - - - ’26년 신규사업 테스트하고 성능
시험성적서
(단위: 초) 데이터를 수집하여
달성도 - - - - -
평가를 진행함
암호화 컴퓨팅
목표 - - 신규
암호화된 객체인식 검증용 환경에서
인증시험기관
모델 정확도 실적 - - - - - ’26년 신규사업 테스트하고 성능
시험성적서
(단위: %) 데이터를 수집하여
달성도 - - - - -
평가를 진행함
암호화 컴퓨팅
목표 - - - - 신규
암호화된 음성 검증용 환경에서
인증시험기관
인식 오류율 실적 - - - - - ’26년 신규사업 테스트하고 성능
시험성적서
(단위: %) 데이터를 수집하여
달성도 - - - - -
평가를 진행함
암호화 컴퓨팅
목표 - - - - 신규
암호화된 자연어 검증용 환경에서
인증시험기관
처리 모델 정확도 실적 - - - - - ’26년 신규사업 테스트하고 성능
시험성적서
(단위: %) 데이터를 수집하여
달성도 - - - - -
평가를 진행함
② 성과지표 "
과학기술정보통신부_AI 공간 컴퓨팅 창업 생태계 활성화.pdf,과학기술정보통신부,과학기술정보통신부_AI 공간 컴퓨팅 창업 생태계 활성화,일반,7943,"사 업 명
(323) AI·공간컴퓨팅 창업 생태계 활성화 (2602-366)
□ 사업 코드 정보
구분 회계 소관 실국(기관) 계정 분야 부문
코드 과학기술 소프트웨어 130 133
일반회계 -
명칭 정보통신부 정책관 통신 정보통신
구분 프로그램 단위사업 세부사업
코드 2600 2602 366
AI·공간컴퓨팅 창업 생태계
명칭 인공지능데이터진흥 AI경쟁력강화(일반)
활성화
□ 사업 성격 (공통요구자료 Ⅱ-1 작성유의사항 4. 참조, 해당하는 사항에 “○” 표시)
예비타당성 총사업비 총액계상 사업소관 변경정보
신규 계속 완료
실시여부 관리대상 예산사업 2025예산 시 소관
○
□ 사업 지원 형태 및 지원율 (최소한 한 개는 반드시 선택하시오. 해당사항에 O 표시)
직접 출자 출연 보조 융자 국고보조율(%) 융자율 (%)
○
□ 사업 소관부처 및 시행주체
사업명 구분
정보통신정책실
AI·공간컴퓨팅
소관부처 소프트웨어정책관
창업 생태계
디지털콘텐츠과
활성화
사업시행주체 정보통신산업진흥원
가. 예산 총괄표
(단위: 백만원, %)
2024년 2025년 예산 2026년 예산 증감
사업명
결산 (B-A)
본예산 추경*(A) 요구안 본예산(B) (B-A)/A
AI·공간AI·공간컴
퓨팅 창업 생태계 - - - 1,500 1,500 1,500 순증
활성화
□ 기능별(내역사업별) 예산 내역
(단위: 백만원)
2024 2025
2026
예산액 예산 예산액 예산
집행액 이월액 불용액 집행액 이월액 불용액 예산
(추경) 현액 (추경) 현액
○ 기능별 분류(합계) - - - - - - - - - - 1,500
․로봇 기반 공간
- - - - - - - - - - 1,500
컴퓨팅 창업지원
나. 사업설명자료
1) 사업목적·내용
□ (AI·공간컴퓨팅 창업 생태계 활성화) AI·공간컴퓨팅 산업의 기술창업 도전 활성화와 초기
창업기업의 안정적 성장 지원을 통한 기술집약 산업의 지속 가능한 기술창업 생태계 조성
- (로봇 기반 공간컴퓨팅 창업지원) 예비·초기 창업기업 대상 로봇 기반 신서비스 발굴 및
맞춤형 프로그램 운영을 통한 지역 창업 생태계 활성화
2) 사업개요
□ 사업근거 및 추진경위
① 법령상 근거 및 조항 적시
- 「정보통신 진흥 및 융합 활성화 등에 관한 특별법」제21조, 제32조
제21조(디지털콘텐츠의 진흥과 활성화) ① 정부는 디지털콘텐츠 제작자의 창의성을 높이고, 유망
디지털콘텐츠가 창작ㆍ유통ㆍ이용될 수 있는 환경을 조성하여야 하며, 관련 산업의 경쟁력을 강화
하기 위하여 노력하여야 한다.
② 정부는 디지털콘텐츠의 진흥 및 활성화를 위하여 다음 각 호의 사업을 추진할 수 있다.
1. 디지털콘텐츠의 제작 및 유통 지원
2. 디지털콘텐츠 관련 지역협력 및 시범사업
3. 디지털콘텐츠 인프라 구축 지원
4. 디지털콘텐츠 관련 전문인력 양성 지원
5. 디지털콘텐츠 진흥 및 활성화를 위한 정책연구 사업
6. 그 밖에 디지털콘텐츠 진흥 및 활성화를 위하여 대통령령으로 정하는 사항
③ 정부는 제2항 각 호의 사업을 효율적으로 추진하기 위하여 전담기관을 지정할 수 있으며, 필요
한 비용의 전부 또는 일부를 보조할 수 있다.
④ 제2항에 따른 지원 사업 및 제3항에 따른 전담기관의 지정 등에 필요한 사항은 대통령령으로
정한다.
제32조(정보통신융합등 기술ㆍ서비스 개발 등의 지원) ① 과학기술정보통신부장관은 다른 산업 및
서비스 등에 정보통신의 접목을 통하여 생산성과 가치를 높일 수 있도록 노력하여야 한다. <개정
2017. 7. 26.>
② 과학기술정보통신부장관은 정보통신융합등 기술ㆍ서비스의 개발을 촉진하기 위하여 다음 각 호
의 사업을 추진할 수 있다. <개정 2017. 7. 26.>
1. 정보통신융합등 기술ㆍ서비스 관련 연구개발 사업
2. 제1호에 따라 추진되는 과제에 대한 기획ㆍ평가ㆍ관리
3. 국가ㆍ지방자치단체, 대학ㆍ정부출연연구기관, 민간 등이 보유한 정보통신융합등 기술의 거래
등 기술이전을 위한 중개ㆍ알선 지원
4. 정보통신융합등 기술에 대한 평가 및 평가 기법의 개발ㆍ보급
5. 정보통신융합등 기술의 기술이전ㆍ사업화에 관한 통계조사ㆍ연구 등 관련 정보의 수집ㆍ분석ㆍ
제공
6. 정보통신융합등 기술의 기술이전 후 상용화 연구개발 지원
7. 정보통신융합등 기술의 기술사업화 전문인력 양성
8. 정보통신융합등 기술의 기술거래ㆍ사업화 촉진을 위한 정보시스템 구축ㆍ활용
9. 지식재산권 등 정보통신융합등 기술 관련 연구성과물의 관리ㆍ홍보ㆍ활용
10. 정보통신융합등 기술ㆍ서비스의 수준조사 등 정책연구 사업
11. 정보통신융합등 기술ㆍ서비스 관련 시범사업
12. 그 밖에 정보통신기술진흥을 위하여 필요한 사업
③ 과학기술정보통신부장관은 제2항 각 호의 사업을 추진하기 위하여 법인인 전담기관을 설립하
거나 법인ㆍ단체에 위탁ㆍ운영할 수 있으며, 필요한 비용의 전부 또는 일부를 예산의 범위에서 출
연 또는 보조할 수 있다. <개정 2017. 7. 26.>
④ 중앙행정기관의 장 및 지방자치단체의 장은 제2항 각 호의 사업을 제3항에 따른 전담기관으로
하여금 수행하게 하고, 그에 소요되는 비용의 전부 또는 일부를 지원할 수 있다.
⑤ 제3항에 따른 전담기관에 관하여 이 법에서 정한 것을 제외하고는 「민법」 중 재단법인에 관한
규정을 준용하며, 전담기관의 운영 및 제2항 각 호의 업무수행에 필요한 사항은 대통령령으로 정
한다.
- 「정보통신산업진흥법」제26조, 제27조
제27조(사업) 산업진흥원은 다음 각 호의 사업을 한다. <개정 2011. 7. 25., 2012. 6. 1., 2020. 6. 9.>
1. 정보통신산업 정책연구 및 정책수립 지원
2. 전문인력 양성
3. 정보통신산업 육성ㆍ발전 및 지원시설 등 기반조성사업
4. 정보통신기업의 창업ㆍ성장 등의 지원
5. 정보통신산업 발전을 위한 유통시장 활성화와 마케팅 지원
6. 정보통신산업 동향분석, 통계작성, 정보 유통, 서비스 등에 관한 사업
7. 정보통신기술의 융합ㆍ활용에 관한 사업
8. 정보통신산업 관련 국제교류ㆍ협력 및 해외진출의 지원
9. 정보통신산업 관련 출판ㆍ홍보
10. 「소프트웨어 진흥법」 제2조제2호에 따른 소프트웨어산업에 관한 다음 각 목의 사업
가. 소프트"
과학기술정보통신부_AI 기반 뇌발달질환 디지털의료기기 실증지원.pdf,과학기술정보통신부,과학기술정보통신부_AI 기반 뇌발달질환 디지털의료기기 실증지원,일반,6776,"사 업 명
(33) AI 기반 뇌발달질환 디지털의료기기 실증지원 (2601-405)
□ 사업 코드 정보
구분 회계 소관 실국(기관) 계정 분야 부문
코드 지역균형발전 과학기술 인공지능 지역지원 130 133
명칭 특별회계 정보통신부 정책기획관 계정 통신 정보통신
구분 프로그램 단위사업 세부사업
코드 2600 2601 405
AI 기반 뇌발달질환
명칭 인공지능데이터진흥 AI기술개발(지특)
디지털의료기기 실증지원
□ 사업 성격
예비타당성 총사업비 총액계상 사업소관 변경정보
신규 계속 완료
실시여부 관리대상 예산사업 2025예산 시 소관
○
□ 사업 지원 형태 및 지원율
직접 출자 출연 보조 융자 국고보조율(%) 융자율 (%)
○ 100
□ 사업 소관부처 및 시행주체
사업명 구분
인공지능정책실
AI 기반
인공지능정책기획관
소관부처
뇌발달질환
디지털의료기 디지털인재양성과
기 실증지원
사업시행주체 정보통신산업진흥원
가. 예산안 총괄표
(단위: 백만원, %)
2024년 2025년 예산 2026년 예산 증감
사업명
결산 본예산 추경(A) 요구안 본예산(B) (B-A) (B-A)/A
AI 기반
뇌발달질환
5,000 5,000 5,000 5,000 5,000 0 0
디지털의료기기
실증지원
□ 기능별(내역사업별), 목별 예산 내역
(단위: 백만원)
2024 2025
2026
예산액 예산 예산액 예산 이월 불용
집행액 이월액 불용액 집행액 예산
(추경) 현액 (추경) 현액 액 액
5,000 5,000
○ 기능별 분류(합계) 5,000 5,000 5,000 5,000 - - 5,000
[4,988] [4,980]
․AI기반 뇌발달질환
5,000 5,000
디지털의료기기 5,000 5,000 5,000 5,000 - - 5,000
[4,988] [4,980]
실증지원
나. 사업설명자료
1) 사업목적·내용
◦ (AI 기반 뇌발달질환 디지털의료기기 실증지원) 지역 의료기기 제조기업 기술
지원을 통한 디지털 치료기기 산업 생태계 저변확대 및 활성화
- (디지털치료기기 개발지원) 산-학-연-병 기반 뇌발달질환 관련 성과물 중에서 예방·
치료 분야 디지털 치료기기 사업화 및 고도화 연구 및 제품개발 및 성능 검증
- (실증지원) 협력병원 연계를 통한 디지털치료기기 제품 집중 실증지원/디지털 치료
기기 성능 테스트 및 인허가 컨설팅 지원
- (성과확산) 디지털 치료기기 인허가 완료, 준비중인 제품 시범서비스 운영
2) 사업개요
□ 사업근거 및 추진경위
① 법령상 근거 조항 적시
- 정보통신 진흥 및 융합 활성화 등에 관한 특별법 제32조(정보통신융합등 기술·서
비스 개발 등의 지원)
① 과학기술정보통신부장관은 다른 산업 및 서비스 등에 정보통신의 접목을 통하여 생산성과 가치를 높
일 수 있도록 노력하여야 한다.
② 과학기술정보통신부장관은 정보통신융합등 기술ㆍ서비스의 개발을 촉진하기 위하여 다음 각 호의
사업을 추진할 수 있다.
1. 정보통신융합등 기술ㆍ서비스 관련 연구개발 사업
2. 제1호에 따라 추진되는 과제에 대한 기획ㆍ평가ㆍ관리
3. 국가ㆍ지방자치단체, 대학ㆍ정부출연연구기관, 민간 등이 보유한 정보통신융합등 기술의 거래 등
기술이전을 위한 중개ㆍ알선 지원
4. 정보통신융합등 기술에 대한 평가 및 평가 기법의 개발ㆍ보급
5. 정보통신융합등 기술의 기술이전ㆍ사업화에 관한 통계조사ㆍ연구 등 관련 정보의 수집ㆍ분석ㆍ
제공
6. 정보통신융합등 기술의 기술이전 후 상용화 연구개발 지원
7. 정보통신융합등 기술의 기술사업화 전문인력 양성
8. 정보통신융합등 기술의 기술거래ㆍ사업화 촉진을 위한 정보시스템 구축ㆍ활용
9. 지식재산권 등 정보통신융합등 기술 관련 연구성과물의 관리ㆍ홍보ㆍ활용
10. 정보통신융합등 기술ㆍ서비스의 수준조사 등 정책연구 사업
11. 정보통신융합등 기술ㆍ서비스 관련 시범사업
12. 그 밖에 정보통신기술진흥을 위하여 필요한 사업
③ 과학기술정보통신부장관은 제2항 각 호의 사업을 추진하기 위하여 법인인 전담기관을 설립하거나 법인ㆍ
단체에 위탁ㆍ운영할 수 있으며, 필요한 비용의 전부 또는 일부를 예산의 범위에서 출연 또는 보조할 수 있
다.
④ 중앙행정기관의 장 및 지방자치단체의 장은 제2항 각 호의 사업을 제3항에 따른 전담기관으로 하
여금 수행하게 하고, 그에 소요되는 비용의 전부 또는 일부를 지원할 수 있다.
⑤ 제3항에 따른 전담기관에 관하여 이 법에서 정한 것을 제외하고는 「민법」 중 재단법인에 관한
규정을 준용하며, 전담기관의 운영 및 제2항 각 호의 업무수행에 필요한 사항은 대통령령으로 정한
다.
- 정보통신산업진흥법 제3조(국가 및 지방자치단체의 책무)
① 국가는 정보통신산업의 진흥에 필요한 종합적인 시책을 수립하여 시행하고 이에 필요한 재원확보 방안을 마련하여
야 한다.
② 지방자치단체는 국가의 시책과 지역적 특성을 고려하여 정보통신기술을 기반으로 정보통신산업의
진흥에 필요한 시책을 마련하여야 한다.
- 정보통신산업진흥법 제27조(사업)
산업진흥원은 다음 각 호의 사업을 한다. <개정 2011. 7. 25., 2012. 6. 1., 2020. 6. 9.>
1. 정보통신산업 정책연구 및 정책수립 지원
2. 전문인력 양성
3. 정보통신산업 육성ㆍ발전 및 지원시설 등 기반조성사업
4. 정보통신기업의 창업ㆍ성장 등의 지원
5. 정보통신산업 발전을 위한 유통시장 활성화와 마케팅 지원
6. 정보통신산업 동향분석, 통계작성, 정보 유통, 서비스 등에 관한 사업
7. 정보통신기술의 융합ㆍ활용에 관한 사업
8. 정보통신산업 관련 국제교류ㆍ협력 및 해외진출의 지원
9. 정보통신산업 관련 출판ㆍ홍보
10. 「소프트웨어 진흥법」 제2조제2호에 따른 소프트웨어산업에 관한 다음 각 목의 사업
가. 소프트웨어 기술진흥을 위한 정책 및 제도의 조사ㆍ연구
나. 소프트웨어사업자의 품질관리능력 및 전문성 향상에 필요한 사업
11. 삭제 <2015. 6. 22.>
12. 「이러닝(전자학습)산업 발전 및 이러닝 활용 촉진에 관한 법률」에 따른 이러닝산업의 발전에 필
요한 기술개발 및 표준화 연구
13. 이 법 또는 다른 법령에서 산업진흥원의 업무로 정하거나 산업진흥원에 위탁한 사업
14. 그 밖에 산업진흥원의 설립 "
과학기술정보통신부_AI 기반 민군 유무인 복합체계 주파수 공동사용 및 운용 기술개발(R%26D).pdf,과학기술정보통신부,과학기술정보통신부_AI 기반 민군 유무인 복합체계 주파수 공동사용 및 운용 기술개발(R%26D),R&D,4773,"사 업 명
(108) AI 기반 민군 유·무인복합체계 주파수 공동사용 및 운용 기술 개발 (1632-311)
□ 사업 코드 정보
구분 회계 소관 실국(기관) 계정 분야 부문
코드 과학기술 060 061
일반회계 전파정책국
명칭 정보통신부 문화및관광 문화예술
구분 프로그램 단위사업 세부사업
코드 1600 1632 311
AI 기반 민군
명칭 정보통신방송기반조성 전파방송산업활성화 유·무인복합체계 주파수
공동사용 및 운용 기술 개발
□ 사업 성격 (공통요구자료 Ⅱ-1 작성유의사항 4. 참조, 해당하는 사항에 “○” 표시)
예비타당성 총사업비 총액계상 사업소관 변경정보
신규 계속 완료
실시여부 관리대상 예산사업 2025예산 시 소관
○
□ 사업 지원 형태 및 지원율 (최소한 한 개는 반드시 선택하시오. 해당사항에 O 표시)
직접 출자 출연 보조 융자 국고보조율(%) 융자율 (%)
○ 100
□ 사업 소관부처 및 시행주체
AI 기반 민군
전파정책국
유·무인복합 소관부처
체계 주파수 주파수정책과
공동사용 및
사업시행주체 정보통신기획평가원
운용 기술 개발
가. 예산 총괄표
(단위: 백만원, %)
2024년 2025년 예산 2026년 증감
사업명
결산 본예산 추경(A) 요구안 본예산(B) (B-A) (B-A)/A
AI 기반 민군
유·무인복합체계
- - - 2,800 2,800 2,800 순증
주파수 공동사용
및 운용 기술 개발
□ 기능별(내역사업별) 예산 내역
(단위: 백만원)
2024 2025
2026
예산액 예산 예산액 예산
집행액 이월액 불용액 집행액 이월액 불용액 예산
(추경) 현액 (추경) 현액
○ 기능별 분류(합계) - - - - - - - - - - 2,800
․AI 기반 민군
유·무인복합체계
- - - - - - - - - - 2,800
주파수 공동사용
및 운용 기술 개발
나. 사업설명자료
1) 사업목적·내용
- (AI 기반 민군 유·무인복합체계 주파수 공동사용 및 운용 기술 개발) 유·무인복합
체계 수요 급증 및 주파수 부족 심화에 대응하여, 주파수 이용효율 극대화를 위한
AI 기반 민·군 주파수 공동사용 및 운용 기술 확보
2) 사업개요
□ 사업근거 및 추진경위
① 법령상 근거 및 조항 적시 : 전파법 제3조(전파자원의 이용촉진), 제5조(전파자원의 확보),
제6조(전파자원 이용효율의 개선), 제6조의3(주파수 공동사용), 제62조(기술개발의 촉진) 등
- 제3조(전파자원의 이용촉진) 정부는 한정된 전파자원(電波資源)을 공공복리의 증진
에 최대한 활용하기 위하여 전파자원의 이용촉진에 필요한 시책을 마련하고 시행하여야
한다.
- 제5조(전파자원의 확보) ① 과학기술정보통신부장관은 전파자원을 확보하기 위하
여 다음 각 호의 시책을 마련하고 시행하여야 하며, 그 시행에 필요한 지원방안을
마련하여야 한다.
1. 새로운 주파수의 이용기술 개발
2. 이용 중인 주파수의 이용효율 향상
2의2. 주파수 공동사용기술 개발 … (중략)…
- 제6조(전파자원 이용효율의 개선) ① 과학기술정보통신부장관은 전파자원의 공
평하고 효율적인 이용을 촉진하기 위하여 필요하면 다음 각 호의 사항을 시행하여야
한다.
1. 주파수분배의 변경
2. 주파수회수 또는 주파수재배치
3. 새로운 기술방식으로의 전환
4. 주파수의 공동사용 … (중략)…
- 제6조의3(주파수 공동사용) ① 과학기술정보통신부장관은 주파수할당, 주파수지
정, 주파수 사용승인을 받은 자에게 주파수의 전부 또는 일부를 주파수 공동사용에
제공하도록 할 수 있다.
- 제62조(기술개발의 촉진) 과학기술정보통신부장관은 전파산업과 방송기기산업
의 기반 조성에 필요한 기술의 연구ㆍ개발 및 활용을 촉진하기 위하여 다음 각
호의 사항을 추진하여야 한다. … (중략)…
4. 산업계ㆍ학계 및 연구계의 공동 연구ㆍ개발
② 추진경위
- ｢대한민국 스펙트럼 플랜｣(과기정통부, ‘24.8월) 수립
※ 국방 분야 효율적 무인체계 운용을 위해, 민·군 주파수 공동사용을 활성화하고 효율적
주파수 이용기술 개발 등을 통한 국방 무인체계 주파수 발굴 검토
- ｢국방혁신 4.0 기본계획｣(국방부, ’23.3월) 및 ｢AI 기반 유·무인복합전투체계 구축
추진계획｣(국방부, ‘23.7월) 수립
※ 유·무인복합전투체계 구축, 소요 주파수 확보 및 주파수 활용기술 개발 등 무인체계 전력화 기반 구축
- 과기정통부-국방부 ｢국방과학기술 분야 협력 강화를 위한 업무협약(MOU)｣ 체결(‘24.4월)
※ (협력사항) 국방과학기술의 민간 이전, 민간 기술의 국방 적용, 민·군 겸용 기술 개발 등
민·군 기술협력을 위한 연구개발·실증 추진
- 제1차 과기정통부-국방부 미래 국방과학기술 정책협의회 개최(‘24.7월)
※ 유·무인체계, 드론 등 민·군 주파수 수요 급증에 대응할 수 있도록 효율적 주파수 활용을
위한 협력 강화
□ 주요내용
① 사업규모
- 총사업비(해당되는 경우에만 기재) : 해당 없음
- 사업기간 : ’26~‘30년(5년)
- 최근 5년 간 투입된 사업비(예산액기준, 추경편성한 연도에는 추경포함)
연도 2022 2023 2024 2025 2026
사업비 - - - - 2,800
- 기타: 해당 없음
② 사업추진체계
- 사업시행방법 : 출연
- 사업시행주체 : 정보통신기획평가원(IITP)
- 사업 수혜자 : 유·무인복합체계 소요군 및 관련 산업체 등
- 보조, 융자, 출연, 출자 등의 경우 보조․융자 등 지원 비율 및 법적근거
피보조․
지원 금액 지원
내역사업명 구분 피출연 등 보조율 법적근거 (해당 조항)
(2026예산) 비율(%)
기관명
AI 기반 민군
유·무인복합체계
정보통신
주파수 공동 출연 2,800 100 국가연구개발혁신법 제22조(전문기관의 지정 등)
기획평가원
사용 및 운용
기술 개발
3) 2026년도 예산 산출 근거
ㅇ AI 기반 민군 유·무인복합체계 주파수 공동사용 및 운용 기술 개발
: (2025 예산) -백만원 → (2026 예산) 2,800백만원, 순증
- (요구) ‘유·무인복합체계 민군주파수 공동사용을 위한 지능적 전파간섭 저감 플랫폼 기술개발’, ‘유·무인
복합체계 적용 레이다 주파수 공동사용 기술개발’의 2개 신규과제 지원을 위해 2,800백만원"
과학기술정보통신부_AI기반 개방형 자율 디지털트윈 핵심기술 개발(R%26D).pdf,과학기술정보통신부,과학기술정보통신부_AI기반 개방형 자율 디지털트윈 핵심기술 개발(R%26D),R&D,5473,"사 업 명
(145) AI기반 개방형 자율 디지털트윈 핵심기술개발 (2033-396)
□ 사업 코드 정보
구분 회계 소관 실국(기관) 계정 분야 부문
코드 과학기술 130 133
일반회계 정보통신정책관
명칭 정보통신부 통신 정보통신
구분 프로그램 단위사업 세부사업
코드 2000 2033 396
AI기반개방형자율디지털트윈핵심
명칭 인터넷융합산업 스마트화산업기반확충(일반)
기술개발(R&D)
□ 사업 성격 (공통요구자료 Ⅱ-1 작성유의사항 4. 참조, 해당하는 사항에 “○” 표시)
예비타당성 총사업비 총액계상 사업소관 변경정보
신규 계속 완료
실시여부 관리대상 예산사업 2025예산 시 소관
○
□ 사업 지원 형태 및 지원율 (최소한 한 개는 반드시 선택하시오. 해당사항에 O 표시)
직접 출자 출연 보조 융자 국고보조율(%) 융자율 (%)
○
□ 사업 소관부처 및 시행주체
사업명 구분
정보통신정책실
AI기반개방형
소관부처 소프트웨어정책관
자율디지털트윈
디지털콘텐츠과
핵심기술개발
사업시행주체 정보통신기획평가원
가. 예산 총괄표
(단위: 백만원, %)
2024년 2025년 예산 2026년 예산 증감
사업명
결산 (B-A)
본예산 추경*(A) 요구안 본예산(B) (B-A)/A
AI기반개방형
자율디지털트윈 - - - 6,600 6,600 순증 순증
핵심기술개발
□ 기능별(내역사업별) 예산 내역
(단위: 백만원)
2024 2025
2026
예산액 예산 예산액 예산
집행액 이월액 불용액 집행액 이월액 불용액 예산
(추경) 현액 (추경) 현액
○ 기능별 분류(합계) - - - - - - - - - - 6,600
․AI기반개방형
자율디지털트윈 - - - - - - - - - - 6,600
핵심기술개발
나. 사업설명자료
1) 사업목적·내용
- (AI기반개방형자율디지털트윈핵심기술개발) 산업 환경의 디지털트윈 도입 및 구축
단계를 자동화하고, AI를 통해 실 현장의 운영·대응은 물론 현장 간 연계·협업이 가능한
자율 디지털트윈 핵심기술 확보
· (구축자동화) 다양한 객체와 프로세스를 표현하는 멀티모달 인공지능 기반 디지털
트윈 모델 자동 생성 및 갱신기술 개발
· (운영자율화) 복잡한 상황에서 능동적으로 문제를 인식하고 해결해 나가는 거대 행동
인공지능 기반 동적 프로세스 최적화기술 개발
· (협업지능화) 디지털산업 환경 내 다른 디지털트윈과 정보를 교환하고 작업을 연계,
조율하는 디지털트윈 자율 협업기술 개발
2) 사업개요
□ 사업근거 및 추진경위
① 법령상 근거 및 조항
- 정보통신산업진흥법 제7조(정보통신기술진흥 시행계획)
정보통신산업진흥법 제7조(정보통신기술진흥 시행계획) ① 과학기술정보통신부장관은
정보통신기술의 진흥을 위하여 진흥계획에 따라 다음 각 호의 사항이 포함된 정보통신기술진흥
시행계획을 매년 수립‧시행하여야 한다.
3. 정보통신기술의 연구개발 및 다른 기술과의 결합 및 융합 촉진에 관한 사항
② 과학기술정보통신부장관은 제1항에 따른 사항을 효율적으로 추진하기 위하여 필요하면
대통령령으로 정하는 바에 따라 정보통신기술의 개발 및 정보통신산업의 진흥과 관련된
연구기관 및 단체로 하여금 이를 대행하게 할 수 있으며 이에 드는 비용을 지원할 수 있다.
- 정보통신 진흥 및 융합 활성화 등에 관한 특별법 제32조(정보통신융합등 기술·서비스
개발 등의 지원)
정보통신 진흥 및 융합 활성화 등에 관한 특별법 제32조(정보통신융합등 기술·서비스 개발
등의 지원) ① 과학기술정보통신부장관은 다른 산업 및 서비스 등에 정보통신의 접목을 통하여
생산성과 가치를 높일 수 있도록 노력하여야 한다.
② 과학기술정보통신부장관은 정보통신융합등 기술·서비스의 개발을 촉진하기 위하여 다음 각
호의 사업을 추진할 수 있다.
1. 정보통신융합등 기술‧서비스 관련 연구개발 사업
2. 제1호에 따라 추진되는 과제에 대한 기획·평가·관리
③ 과학기술정보통신부장관은 제2항 각 호의 사업을 추진하기 위하여 법인인 전담기관을
설립하거나 법인·단체에 위탁‧운영할 수 있으며, 필요한 비용의 전부 또는 일부를 예산의
범위에서 출연 또는 보조할 수 있다.
② 추진경위
- (‘24.7) 관계부처합동 「디지털트윈 코리아 전략」 발표
· ’Ⅳ. 글로벌 선도기술 확보‘를 위한 디지털트윈 핵심 요소기술개발, 선도형 고도화
기술개발, 확산 기술개발 등
- (‘24.8) ICT R&D 기술로드맵 2030(2025~2030) 수립
· 디지털트윈 기술분야의 동향 및 전망을 소개하고, AI 연계 융복합 전략 제시
- (‘25.1~) : 사업 기획위원회 운영
· 구축자동화, 운영자율화, 협업지능화 등 3개 기술분야로 구분하여, 산·학·연
전문가로 구성된 사업 기획위원회 운영를 통해 사업 추진방향 수립
□ 주요내용
① 사업규모
- 총사업비 : 해당없음
- 사업기간 : ’26 ~ ‘29
- 최근 5년 간 투입된 사업비
연도 2022 2023 2024 2025 2026(안)
사업비 - - - - 6,600
- 기타: 해당없음
② 사업추진체계
- 사업시행방법 : 출연
- 사업시행주체 : 정보통신기획평가원
- 사업 수혜자 : 대학, 기업, 출연연 등
- 보조, 융자, 출연, 출자 등의 경우 보조․융자 등 지원 비율 및 법적근거
피보조․
지원 금액 지원
내역사업명 구분 피출연 등 보조율 법적근거 (해당 조항)
(2026예산안) 비율(%)
기관명
AI기반개방
「정보통신 진흥 및 융합 활성화 등에
형자율디지털 정보통신
출연 6,600 100 관한 특별법」제32조(정보통신융합등
트윈핵심기술 기획평가원
기술·서비스 개발 등의 지원) 제3항
개발
3) 2026년도 예산안 산출 근거
□ AI기반개방형자율디지털트윈핵심기술개발 : (’26) 6,600백만원, 순증
- (요구) 산업 전반의 디지털 전환을 가속화하고 미래 기술 기반의 성장 동력을 확보하는 자율 디지털트윈
핵심기술 개발을 위한 예산지원 요구
* 단일 디지털트윈 구축 및 다중 디지털트윈 간 연합 및 자율화를 위해 구축자동화 - 운영자율화 -
협업지능화로 중점 추진 분야 구성
- (산출) (신규) 4개 과제 × 2,200백만원 × 9/12개월 = 6,600백만원
4) 사업효과
□ 사업영향, 산출물 성과지표 등
① 2"
과학기술정보통신부_AX 혁신기업 창의 기술개발(R%26D).pdf,과학기술정보통신부,정보통신정책실,R&D,4913,"사 업 명
(179) AX혁신기업창의기술개발(R&D) (2137-375)
□ 사업 코드 정보
구분 회계 소관 실국(기관) 계정 분야 부문
코드 과학기술 130 133
일반회계 정보통신정책관
명칭 정보통신부 통신 정보통신
구분 프로그램 단위사업 세부사업
코드 2100 2137 310
명칭 정보통신융합산업 ICT산업기반확충(일반) AX혁신기업창의기술개발(R&D)
□ 사업 성격 (공통요구자료 Ⅱ-1 작성유의사항 4. 참조, 해당하는 사항에 “○” 표시)
예비타당성 총사업비 총액계상 사업소관 변경정보
신규 계속 완료
실시여부 관리대상 예산사업 2025예산 시 소관
○
□ 사업 지원 형태 및 지원율 (최소한 한 개는 반드시 선택하시오. 해당사항에 O 표시)
직접 출자 출연 보조 융자 국고보조율(%) 융자율 (%)
○
□ 사업 소관부처 및 시행주체
사업명 구분
정보통신정책실
소관부처 정보통신산업정책관
AX혁신기업
창의기술개발 정보통신산업기반과
사업시행주체 정보통신기획평가원
가. 예산안 총괄표
(단위: 백만원, %)
2024년 2025년 예산 2026년 증감
사업명
결산 본예산(A) 추경 요구안 본예산(B) (B-A) (B-A)/A
AX혁신기업창의
- - - 7,500 7,500 순증 순증
기술개발
□ 기능별(내역사업별), 목별 예산안 내역
(단위: 백만원)
2024 2025
2026
예산액 예산 예산액 예산
집행액 이월액 불용액 집행액 이월액 불용액 예산
(추경) 현액 (추경) 현액
○ 기능별 분류(합계) - - - - - - - - - - 7,500
․AX혁신기업창의
- - - - - - - - - - 7,500
기술개발
○ 비목별 분류(합계) - - - - - - - - - - 7,500
․연구개발활동비
- - - - - - - - - - 7,500
등(360-05)
○ 기능·비목별 분
- - - - - - - - - - 7,500
류(합계)
․AX혁신기업창의
- - - - - - - - - - 7,500
기술개발
-연구개발활동비
- - - - - - - - - - 7,500
등(360-05)
나. 사업설명자료
1) 사업목적·내용
o (AX혁신기업창의기술개발) AX 혁신기업 주도의 자율 기획형 R&D 지원으로 새로
운 AI 제품·서비스 창출 등 기업의 창의성을 극대화하고 다양한 산업의 AX 촉진
- 12대 전략기술 분야에 신속 적용(2년 내)할 수 있는 AX 제품·서비스 개발 지원
2) 사업개요
□ 사업근거 및 추진경위
① 법령상 근거 및 조항
- 정보통신산업진흥법 제7조(정보통신기술진흥 시행계획)
정보통신산업진흥법 제7조(정보통신기술진흥 시행계획) ① 과학기술정보통신부장관은
정보통신기술의 진흥을 위하여 진흥계획에 따라 다음 각 호의 사항이 포함된 정보통신기술진흥
시행계획을 매년 수립‧시행하여야 한다.
3. 정보통신기술의 연구개발 및 다른 기술과의 결합 및 융합 촉진에 관한 사항
② 과학기술정보통신부장관은 제1항에 따른 사항을 효율적으로 추진하기 위하여 필요하면
대통령령으로 정하는 바에 따라 정보통신기술의 개발 및 정보통신산업의 진흥과 관련된
연구기관 및 단체로 하여금 이를 대행하게 할 수 있으며 이에 드는 비용을 지원할 수 있다.
- 정보통신 진흥 및 융합 활성화 등에 관한 특별법 제32조(정보통신융합등 기술·서비스
개발 등의 지원)
정보통신 진흥 및 융합 활성화 등에 관한 특별법 제32조(정보통신융합등 기술·서비스 개발
등의 지원) ① 과학기술정보통신부장관은 다른 산업 및 서비스 등에 정보통신의 접목을 통하여
생산성과 가치를 높일 수 있도록 노력하여야 한다.
② 과학기술정보통신부장관은 정보통신융합등 기술·서비스의 개발을 촉진하기 위하여 다음 각
호의 사업을 추진할 수 있다.
1. 정보통신융합등 기술‧서비스 관련 연구개발 사업
2. 제1호에 따라 추진되는 과제에 대한 기획·평가·관리
③ 과학기술정보통신부장관은 제2항 각 호의 사업을 추진하기 위하여 법인인 전담기관을
설립하거나 법인·단체에 위탁‧운영할 수 있으며, 필요한 비용의 전부 또는 일부를 예산의
범위에서 출연 또는 보조할 수 있다.
② 추진경위
- (’22.06) ‘디지털 기술혁신 및 확산전략’ 수립(국가과학기술자문회의)
- (‘22.09) ’대한민국 디지털 전략‘ 수립(비상경제민생회의)
- (’22.12) 제5차 과학기술기본계획(‘23~’27)(안) 발표(국가과학기술자문회의)
- (‘25.08) (국정과제-21) 세계에서 AI를 가장 잘 쓰는 나라 구현
□ 주요내용
① 사업규모
- 총사업비 : 해당없음
- 사업기간 : ’26 ~ ‘30
- 최근 5년 간 투입된 사업비
연도 2022 2023 2024 2025 2026
사업비 - - - - 7,500
- 기타: 해당없음
② 사업추진체계
- 사업시행방법 : 출연
- 사업시행주체 : 정보통신기획평가원
- 사업 수혜자 : 기업 등
- 보조, 융자, 출연, 출자 등의 경우 보조․융자 등 지원 비율 및 법적근거
피보조․
지원 금액 지원
내역사업명 구분 피출연 등 보조율 법적근거 (해당 조항)
(2026예산안) 비율(%)
기관명
「정보통신 진흥 및 융합 활성화 등에
AX혁신기업 정보통신
출연 7,500 100 관한 특별법」제32조(정보통신융합등
창의기술개발 기획평가원
기술·서비스 개발 등의 지원) 제3항
3) 2026년도 예산안 산출 근거
□ AX혁신기업창의기술개발
① AX혁신기업창의기술개발
: (’25 본예산) 0 백만원 → (’26 요구) 7,500백만원, 순증
- (요구) 12대 국가전략기술 분야*에 신속 적용(2년 이내)할 수 있는 혁신적인 AX 제품·서비스 개발 및 사업화 지원
* ①반도체·디스플레이, ②이차전지, ③첨단 모빌리티, ④차세대 원자력, ⑤첨단로봇·제조, ⑥우주항공·해양,
⑦수소, ⑧사이버보안, ⑨인공지능, ⑩차세대 통신, ⑪첨단바이오, ⑫양자
- (산출) (신규) 27개 과제 × 370백만원 × 9/12개월 = 7,500백만원
ㅇ 2025년도 예산 및 2026년도 예산 산출 세부내역 비교
’25년 예산 ’26년 예산
예산 산출내역 예산 산출내역
○ 연구개발활동비등(360-05) : 7,500백만원
- (신규) 7,500 - AX혁신기업창의기술개발(7,500"
과학기술정보통신부_ICT기반 디지털서비스 탄소중립 혁신기술개발(R%26D).pdf,과학기술정보통신부,과학기술정보통신부_ICT기반 디지털서비스 탄소중립 혁신기술개발(R%26D),R&D,9450,"사 업 명
(180) ICT기반디지털서비스탄소중립혁신기술개발 (2137-377)
□ 사업 코드 정보
구분 회계 소관 실국(기관) 계정 분야 부문
코드 과학기술정보 정보통신산업 130 133
일반회계
명칭 통신부 정책관 통신 정보통신
구분 프로그램 단위사업 세부사업
코드 2100 2137 377
ICT기반 디지털서비스
명칭 정보통신융합산업 ICT산업기반확충(일반) 탄소중립
혁신기술개발(R&D)
□ 사업 성격 (공통요구자료 Ⅱ-1 작성유의사항 4. 참조, 해당하는 사항에 “○” 표시)
예비타당성 총사업비 총액계상 사업소관 변경정보
신규 계속 완료
실시여부 관리대상 예산사업 2025예산 시 소관
○
□ 사업 지원 형태 및 지원율 (최소한 한 개는 반드시 선택하시오. 해당사항에 O 표시)
직접 출자 출연 보조 융자 국고보조율(%) 융자율 (%)
○
□ 사업 담당자
사업명 구분
ICT기반 정보통신정책실 정보통신산업정책관
소관부처
디지털서비스 정보통신방송기술정책과
탄소중립
혁신기술개발
정보통신기획평가원
(R&D) 사업시행주체
디지털사회혁신팀
가. 예산안 총괄표
(단위: 백만원, %)
2024년 2025년 예산 2026년 증감
사업명
결산 본예산(A) 추경 요구안 조정안(B) (B-A) (B-A)/A
ICT기반
디지털서비스
- - - 5,625 5,625 5,625 순증
탄소중립
혁신기술개발(R&D)
□ 기능별(내역사업별), 목별 예산안 내역
(단위: 백만원)
2024 2025(2025.7월말)
전년도 이월액
집행액 집행액 제외 2026
예산액 예산 예산 이월 불용
[실집 이월액 불용액 본예산 [실집 집행액 예산안
(추경) 현액 현액 예산 예상액예상액
행액] 행액] [실집
현액
행액]
○기능별 분류(합계) - - - - - - - - - - - - 5,625
․ICT기반디지털
서비스탄소중립 - - - - - - - - - - - - 5,625
혁신기술개발
○ 비목별 분류(합계) - - - - - - - - - - - - 5,625
․연구개발활동비 등
- - - - - - - - - - - - 5,625
(360-05)
○기능·비목별 분류(합계) - - - - - - - - - - - - 5,625
․ICT기반디지털
서비스탄소중립 - - - - - - - - - - - - 5,625
혁신기술개발
․연구개발활동비 등
- - - - - - - - - - - - 5,625
(360-05)
나. 사업설명자료
1) 사업목적·내용
- (사업목적) 국제사회의 탄소규제 강화 대응 및 탄소중립 디지털서비스 기술 경쟁력
강화를 위한 탄소 데이터 자동 정보화·지식화 및 전주기 탄소발자국 핵심기술 개발
- (내용) 동 사업은 빅데이터·AI·디지털트윈 등의 ICT 기반 탄소 데이터 자동화 수집,
데이터 분석, 예측, 의사결정 등을 전주기 분석 지원하는 실질적이고 체계적인 디지털
탄소중립 핵심기술 개발 및 디지털 서비스 산업 연계·실증 추진을 목표로 함
2) 사업개요
□ 사업근거 및 추진경위
① 법령상 근거 및 조항 적시
- 기후위기 대응을 위한 탄소중립·녹색성장 기본법(탄소중립 기본법, 시행 `24.1.1.)
제56조(녹색기술의 연구개발 및 사업화 등의 촉진) ① 정부는 녹색기술의 연구개발 및 사업화 등을 촉진
하기 위하여 다음 각 호의 사항을 포함하는 시책을 수립ㆍ시행하여야 한다.
1. 녹색기술과 관련된 정보의 수집ㆍ분석 및 제공
2. 녹색기술 평가기법의 개발 및 보급
3. 녹색기술 연구개발 및 사업화 등의 촉진을 위한 금융지원
4. 녹색기술 전문인력의 양성 및 국제협력 등
② 정부는 정보통신ㆍ나노ㆍ생명공학 기술 등 다른 기술 영역과의 융합을 촉진하고 녹색기술의 지식재산
권화를 통하여 지식기반 녹색경제로의 이행을 신속하게 추진하여야 한다.
③ 「과학기술기본법」 제7조에 따른 과학기술기본계획에 제1항의 시책이 포함되는 경우에는 미리 위원회
의 의견을 들어야 한다.
제63조(정보통신 기술ㆍ서비스 시책) ① 정부는 정보통신 기술 및 서비스를 적극 활용함으로써 온실가스
를 감축하고, 에너지를 절약하며 에너지 이용효율을 향상시키기 위하여 다음 각 호의 사항을 포함한 정보
통신 기술ㆍ서비스 시책을 수립ㆍ시행하여야 한다.
1. 방송통신 네트워크 등 정보통신 기반 확대
2. 새로운 정보통신 서비스의 개발ㆍ보급
3. 정보통신 산업 및 기기 등에 대한 녹색기술 개발 촉진
② 정부는 제67조제1항에 따른 녹색생활을 확산시키기 위하여 재택근무ㆍ영상회의ㆍ원격교육ㆍ원격진료
등을 활성화하는 등의 정보통신 시책을 수립ㆍ시행하여야 한다.
③ 정부는 정보통신기술을 활용하여 전력 네트워크를 지능화ㆍ고도화함으로써 고품질의 전력서비스를 제
공하고 에너지 이용효율을 극대화하며 온실가스를 획기적으로 감축할 수 있도록 하여야 한다.
- 정보통신 진흥 및 융합 활성화 등에 관한 특별법(정보통신융합법, 시행 ’23.6.22.)
제32조(정보통신융합등 기술ㆍ서비스 개발 등의 지원) ① 과학기술정보통신부장관은 다른 산업 및 서비스
등에 정보통신의 접목을 통하여 생산성과 가치를 높일 수 있도록 노력하여야 한다. <개정 2017. 7. 26.>
② 과학기술정보통신부장관은 정보통신융합등 기술ㆍ서비스의 개발을 촉진하기 위하여 다음 각 호의 사업
을 추진할 수 있다. <개정 2017. 7. 26.>
1. 정보통신융합등 기술ㆍ서비스 관련 연구개발 사업
2. 제1호에 따라 추진되는 과제에 대한 기획ㆍ평가ㆍ관리
3. 국가ㆍ지방자치단체, 대학ㆍ정부출연연구기관, 민간 등이 보유한 정보통신융합등 기술의 거래 등 기술
이전을 위한 중개ㆍ알선 지원
4. 정보통신융합등 기술에 대한 평가 및 평가 기법의 개발ㆍ보급
5. 정보통신융합등 기술의 기술이전ㆍ사업화에 관한 통계조사ㆍ연구 등 관련 정보의 수집ㆍ분석ㆍ제공
6. 정보통신융합등 기술의 기술이전 후 상용화 연구개발 지원
7. 정보통신융합등 기술의 기술사업화 전문인력 양성
8. 정보통신융합등 기술의 기술거래ㆍ사업화 촉진을 위한 정보시스템 구축ㆍ활용
9. 지식재산권 등 정보통신융합등 기술 관련 연구성과물의 관리ㆍ홍보ㆍ활용
10. 정보통신융합등 기술ㆍ서비스의 수준조사 등 정책연구 사업
11. 정보통신융합등 기술ㆍ서비스 관련 시범사업
1"
국토교통부_스마트시티인프라AIoT핵심기술개발(R%26D).pdf,국토교통부,국토교통부_스마트시티인프라AIoT핵심기술개발(R%26D),R&D,8637,"사 업 명
(70) 스마트시티인프라 AIoT 핵심기술개발(R&D) (4160-303)
□ 사업 코드 정보
구분 회계 소관 실국(기관) 계정 분야 부문
코드 120 126
일반회계 국토교통부 국토도시실 -
명칭 교통및물류 물류등기타
구분 프로그램 단위사업 세부사업
코드 4100 4160 303
스마트시티인프라AIoT
명칭 국토교통연구개발 국토교통융복합기술개발
핵심기술개발(R&D)
□ 사업 성격
예비타당성 총사업비 총액계상 사업소관 변경정보
신규 계속 완료
실시여부 관리대상 예산사업 2025예산 시 소관
○ 국토교통부
□ 사업 지원 형태 및 지원율 (최소한 한 개는 반드시 선택하시오. 해당사항에 O 표시)
직접 출자 출연 보조 융자 국고보조율(%) 융자율 (%)
○
□ 사업 담당자
사업명 구분
실·국·과(팀)
스마트시티
소관부처 도시정책관
인프라AIoT
도시경제과
핵심기술개발
국토교통과학기술진흥원
(R&D) 사업시행주체
스마트시티산업지원센터
가. 예산 총괄표
(단위: 백만원, %)
2024년 2025년 예산 2026년 증감
사업명
결산 본예산(A) 추경 정부안 확정(B) (B-A) (B-A)/A
스마트시티
인프라AIoT
2,921 6,038 6,038 6,000 6,000 △38 △0.6
핵심기술개발
(R&D)
□ 기능별(내역사업별), 목별 예산 내역
(단위: 백만원)
2024 2025(2025.12월말 기준)
전년도 이월액
집행액 집행액 제외 2026
예산액 예산 예산 이월 불용
[실집 이월액 불용액 본예산 [실집 집행액 예산
(추경) 현액 현액 예산 예상액 예상액
행액] 행액] [실집
현액
행액]
6,.038 6,.038
○ 기능별 분류(합계) 2,921 2,921 2,921 - - 6,.038 6,.038 6,.038 - - 6,000
[6,038] [6,038]
․스마트시티인프라 6,.038 6,.038
2,921 2,921 2,921 - - 6,.038 6,.038 6,.038 - - 6,000
AIoT핵심기술개발 [6,038] [6,038]
6,.038 6,.038
○ 비목별 분류(합계) 2,921 2,921 2,921 - - 6,.038 6,.038 6,.038 - - 6,000
[6,038] [6,038]
․연구활동비 등 6,.038 6,.038
2,921 2,921 2,921 - - 6,.038 6,.038 6,.038 - - 6,000
(360-05) [6,038] [6,038]
○ 기능·비목별 분류 6,.038 6,.038
2,921 2,921 2,921 - - 6,.038 6,.038 6,.038 - - 6,000
(합계) [6,038] [6,038]
․스마트시티인프라 6,.038 6,.038
2,921 2,921 2,921 - - 6,.038 6,.038 6,.038 - - 6,000
AIoT핵심기술개발 [6,038] [6,038]
-연구활동비 등 6,.038 6,.038
2,921 2,921 2,921 - - 6,.038 6,.038 6,.038 - - 6,000
(360-05) [6,038] [6,038]
나. 사업설명자료
1) 사업목적·내용
- (스마트시티 인프라 AIoT 핵심 기술개발) 다양한 도시데이터의 실시간 분석·처리를 위한 인
공지능 및 사물인터넷 기반의 스마트시티 AIoT(AI+IoT) 핵심기술* 확보 및 지자체 실증**
* Massive IoT(센서) + AI(인공지능) + Network(통신) = 스마트시티 AIoT 인프라
** 통합 실증을 통한 기술 상용화 및 제품화 등 시장성 사례 확보
2) 사업개요
□ 사업근거 및 추진경위
① 법령상 근거
- 「스마트도시 조성 및 산업진흥 등에 관한 법률」 제19조의5(스마트도시서비스 관
련 정보시스템의 연계·통합 등)
① 스마트도시기반시설의 관리청은 스마트도시서비스를 제공하기 위하여 수집된 정보가 제2조제3호
다목에 따른 스마트도시 통합운영센터 등 스마트도시의 관리ㆍ운영에 관한 시설(이하 이 조에서
""스마트도시 관리ㆍ운영시설""이라 한다)과 연계될 수 있도록 관리하여야 한다.
② 스마트도시기반시설의 관리청은 스마트도시서비스를 통합적ㆍ효율적으로 제공하기 위하여
스마트도시 관리ㆍ운영시설 내 정보시스템이 연계ㆍ통합될 수 있도록 관리하여야 한다.
③ 국토교통부장관은 제1항 및 제2항에 따른 정보시스템 연계ㆍ통합 사업비용의 일부를
예산의 범위에서 지원할 수 있다.
- 「지능정보화 기본법」 제38조(초연결지능정보통신망의 상호연동 등)
① 정부는 국가기관과 지방자치단체가 구축한 초연결지능정보통신망의 효율적인 운영과 정보의 공동
활용을 촉진하기 위하여 초연결지능정보통신망 간 상호연동에 필요한 시책을 마련하여야 한다.
② 국가기관과 지방자치단체가 초연결지능정보통신망을 구축ㆍ운영하려는 경우에는 다른
기관의 초연결지능정보통신망을 공동활용하는 방안을 우선적으로 마련하여야 한다.
- 「국토교통과학기술육성법」 제8조(연구개발사업의 추진)
① 국토교통부장관은 종합계획을 효율적으로 추진하기 위하여 국토교통과학기술 연구개발
사업을 할 수 있다.
② 추진경위
- ‘19.7 : 「제3차 스마트시티 종합계획)」발표를 통해 혁신성장동력 R&D 성과를 바탕으로
데이터·AI 기반 스마트시티 구축을 위한 기술개발·실증 추진
- ‘20.12∼ : 지능화 스마트시티 대응을 위한 선행사업 성과 분석, 신규 기술 수요 도출,
기술 체계 수립 등 후속사업 기획 추진
- ‘21.1 : 선행사업 “Massive 실시간 IoT 인프라 및 네트워크 기술”의 R&D 우수성과를
범부처 이어달리기 후보로 제출
- ‘22.4 : 총괄 연구기관 선정(주관연구기관 : 한국전자통신연구원)
- ‘22.11 : 실증 연구기관(주관연구기관 : ㈜쏘우웨이브) 및 실증지자체(성남시) 선정
□ 주요내용
① 사업규모
- 총사업비 : 해당없음
- 사업기간 : ’22 ~ ’26
- 최근 5년 간 투입된 사업비(예산액기준, 추경편성한 연도에는 추경포함)
연도 2022 2023 2024 2025 2026
사업비 1,000 3,000 2,921 6,038 6,000
- 기타: 해당없음
② 사업추진체계
- 사업시행방법 : 출연(참여기업이 있는 경우 Matching)
- 사업시행주체 :"
농림축산식품부_AX기반지능형농작업협업산업화기술개발(R%26D).pdf,농림축산식품부,농림축산식품부_AX기반지능형농작업협업산업화기술개발(R%26D),R&D,6524,"사 업 명
(108) AX기반지능형농작업협업산업화기술개발(R&D) (2280-540)
□ 사업 코드 정보
구분 회계 소관 실국(기관) 계정 분야 부문
코드 농어촌구조 농어촌특별세 100 101
농림축산식품부 농산업혁신정책관실
명칭 개선특별회계 사업계정 농림수산 농업·농촌
구분 프로그램 단위사업 세부사업
코드 2200 2280 540
AX기반지능형농작업협업
명칭 농업신산업육성 농식품기술개발
산업화기술개발(R&D)
□ 사업 성격 (공통요구자료 Ⅱ-1 작성유의사항 4. 참조, 해당하는 사항에 “○” 표시)
예비타당성 총사업비 총액계상 사업소관 변경정보
신규 계속 완료
실시여부 관리대상 예산사업 2025예산 시 소관
○
□ 사업 지원 형태 및 지원율 (최소한 한 개는 반드시 선택하시오. 해당사항에 O 표시)
직접 출자 출연 보조 융자 국고보조율(%) 융자율 (%)
○
□ 사업 소관부처 및 시행주체
사업명 구분
AX기반지능형
실·국·과(팀)
농작업협업 소관부처 농산업혁신정책관실
산업화기술 과학기술정책과
개발(R&D)
사업시행주체 농림식품기술기획평가원
가. 예산 총괄표
(단위: 백만원, %)
2024년 2025년 예산 2026년 예산 증감
사업명
결산 본예산 추경(A) 요구안 본예산(B) (B-A) (B-A)/A
AX기반지능형
농작업협업산업화 - - - 6,975 6,975 6,975 순증
기술개발(R&D)
□ 기능별(내역사업별), 예산 내역
(단위: 백만원)
2024 2025
2026
예산액 예산 예산 이월 불용 예산
집행액 이월액 불용액 본예산 집행액
(추경) 현액 현액 예상액 예상액
○ 기능별 분류(합계) - - - - - - - - - - 6,975
․농작업협업로봇기
- - - - - - - - - - 5,400
술개발
․농작업드론활용기
- - - - - - - - - - 1,575
술개발
○ 비목별 분류(합계) - - - - - - - - - - 6,975
․연구개발활동비등
- - - - - - - - - - 6,975
(360-05)
○기능·비목별 분류(합계) - - - - - - - - - - 6,975
․농작업협업로봇기
- - - - - - - - - - 5,400
술개발
-연구개발활동비
- - - - - - - - - - 5,400
등(360-05)
․농작업협업로봇기
- - - - - - - - - - 1,575
술개발
-연구개발활동비
- - - - - - - - - - 1,575
등(360-05)
나. 사업설명자료
1) 사업목적·내용
- (AX기반지능형농작업협업산업화기술개발) 농업·농촌 노동력 감소 난제 해결을 위해,
인공지능 전환(AX), 로봇 전환(RX) 기술 기반의 농업 로봇·드론 활용 및 협업기술 산업화
- (농작업협업로봇기술개발) 인력 중심의 고난이도·고강도 농작업을 로봇이 대체·
협업할 수 있도록 활용 기술 고도화
- (농작업드론활용기술개발) 농업 투입 인력 최소화를 위해 드론을 활용한 농작업
자동화 및 지능화 기술 고도화
2) 사업개요
□ 사업근거 및 추진경위
① 법령상 근거 조항 적시
-「농업·농촌 및 식품산업 기본법」제28조(농업 관련 조합법인 및 회사법인의 육성)
국가와 지방자치단체는 농업의 생산성 향상과 농산물의 출하·유통·가공·판매·수출
등의 효율화를 위하여 협업적 또는 기업적 농업경영을 수행하는 영농조합법인
(營農組合法人) 및 농업회사법인(農業會社法人)의 육성에 필요한 정책을 수립·시행
하여야 한다.
-「농업·농촌 및 식품산업 기본법」제35조(농업 및 식품 관련 기술·연구 등의 진흥)
① 국가와 지방자치단체는 농업 및 식품 관련 산업의 생산성 및 경쟁력 향상을
위하여 농업 생산기술, 농업 생산기반 정비기술, 농산물 생산 이후의 관리기술,
농업 경영기법, 농업인 안전작업기술, 농산물 유통기술, 농산물 가공·식품 제조
기술 및 음식물 조리법 등에 관한 연구·개발·보급과 농업 및 식품산업 현장연구,
`산학연 공동연구 및 연구평가 관리체제의 확립 등에 관한 종합적인 계획을 세우고
시행하여야 한다.
-「농업·농촌 및 식품산업 기본법」제36조(농업 및 식품 관련 산업의 기술개발 추진)
① 국가와 지방자치단체는 농업 및 식품 관련 산업의 기술 등을 신속하게 개발·
보급하기 위하여 관련 연구기관 또는 단체 등에 농업 및 식품 관련 산업의 기술
개발 연구를 수행하게 할 수 있다. ② 국가와 지방자치단체는 제1항에 따라 농업
및 식품 관련 산업의 기술개발 연구를 수행하는 관련 연구기관 또는 단체 등에
대하여 필요한 자금을 지원할 수 있다.
-「농림식품과학기술 육성법」제6조(연구개발사업의 추진) ① 정부는 종합계획 및
시행계획을 효율적으로 추진하기 위하여 농림식품과학기술 연구개발사업을 한다.
② 추진경위
- ‘노지농업디지털전환기술개발’사업 예비타당성조사 요구(’22. 6.)
- ‘노지농업디지털전환기술개발’사업 예타 최종 미시행(’23. 3.)
- ’25년도 신규 ‘지능형농작업기계개발’사업 기획 착수(’24. 1.)
- ‘지능형농작업기계개발’사업 최종 미반영(과기부)(’24. 5.)
- 부·청 ‘농식품 연구개발 공동기획단’ 출범(’24. 7.)
- 농식품부·농진청 지능형 농작업 분야 신규사업 협의(’25. 1.~5.)
- ‘지능형 농작업’ 분야 신규사업 기획을 위한 기획자문단 구성 및 기획회의 추진(’25. 1.~5.)
《 관련 주요 공약》
◾ (2.성장) 1. AI 등 신산업 집중 육성
- 16. 글로벌 4대 첨단제조 강국 도약을 위해 혁신선도형 첨단사업구조로의 대전환을
추진(디지털 전환(DX)‧인공지능 전환(AX) 가속화로 산업 생태계 혁신 추진)
◾ (2.성장) 4. 국가균형발전
- 18. 스마트 데이터농업 확산, 푸드테크·그린바이오 산업 육성, K-푸드 수출 확대,
R&D 강화로 농업을 미래농산업으로 전환(스마트팜, 농기계(자율주행, AI), 동물용
의약품 등 육성 및 수출 확대)
□ 주요내용
① 사업규모
- 총사업비 : 해당없음
- 사업기간 : ’26∼’30
- 최근 5년 간 투입된 사업비(예산액기준, 추경편성한 연도에는 추경포함)
연도 2022 2023 2024 2025 2026
사업비 - - - - 6,975
- 기타 : 해당 없음
② 사업추진체계"
산업통상부_산업AI 솔루션 실증확산 지원.pdf,산업통상부,산업통상부_산업AI 솔루션 실증확산 지원,일반,7616,"사 업 명
(1) 산업AI솔루션실증‧확산지원 (3171-390)
□ 사업 코드 정보
구분 회계 소관 실국(기관) 계정 분야 부문
코드 110 117
산업성장실
일반회계 산업통상부 - 산업・중소기업
명칭 산업인공지능정책국 산업혁신지원
및 에너지
구분 프로그램 단위사업 세부사업
코드 3100 3171 390
명칭 산업경쟁력기반구축 우수기술역량강화 산업AI솔루션실증·확산지원
□ 사업 성격 (공통요구자료 Ⅱ-1 작성유의사항 4. 참조, 해당하는 사항에 “○” 표시)
예비타당성 총사업비 총액계상 사업소관 변경정보
신규 계속 완료
실시여부 관리대상 예산사업 2025예산 시 소관
O
□ 사업 지원 형태 및 지원율 (최소한 한 개는 반드시 선택하시오. 해당사항에 O 표시)
직접 출자 출연 보조 융자 국고보조율(%) 융자율 (%)
○
□ 사업 담당자
사업명 구분
실·국·과(팀) 과 장 사무관 주무관
산업AI솔루
산업성장실
소관부처 송영진 조은형 -
션실증‧확 산업인공지능정책국
산지원 산업인공지능정책과 044-203-3830 044-203-3832 -
사업시행주체한국산업기술진흥원산업인공지능혁신실 주소영 실장 02-6009-3640
가. 예산안 총괄표
(단위: 백만원, %)
2024년 2025년 예산 2026년 증감
사업명
결산 본예산(A) 추경 요구안 확정(B) (B-A) (B-A)/A
산업AI솔루션
- - 12,800 12,800 12,800 12,800 -
실증‧확산지원
□ 기능별(내역사업별), 목별 예산안 내역
(단위: 백만원)
2024 2025(2025.12월말)
전년도 이월액
집행액 집행액 제외 2026
예산액 예산 예산 이월 불용
[실집 이월액 불용액 본예산 [실집 집행액 예산안
(추경) 현액 현액 예산 예상액예상액
행액] 행액] [실집
현액
행액]
12,800 12,800
○ 기능별 분류(합계) - - - - - 12,800 12,800 12,800 - - 12,800
[12,711] [12,711]
․산업AI솔루션실증‧ 12,600 12,600
- - - - - 12,600 12,600 12,600 - - 12,600
확산지원 [12,600] [12,600]
200 200
․기획평가관리비 - - - - - 200 200 200 - - 200
[111] [111]
12,800 12,800
○ 비목별 분류(합계) - - - - - 12,800 12,800 12,800 - - 12,800
[12,800] [12,800]
12,600 12,600
․사업출연금(350-02) - - - - - 12,600 12,600 12,600 - - 12,600
[12,600] [12,600]
․기관운영출연금 200 200
- - - - - 200 200 200 - - 200
(350-01) [111] [111]
12,800 12,800
○기능·비목별 분류(합계) - - - - - 12,800 12,800 12,800 - - 12,800
[12,800] [12,800]
․산업AI솔루션실증‧ 12,600 12,600
- - - - - 12,600 12,600 12,600 - - 12,600
확산지원 [12,600] [12,600]
12,600 12,600
- 사업출연금(350-02) - - - - - 12,600 12,600 12,600 - - 12,600
[12,600] [12,600]
200 200
․기획평가관리비 - - - - - 200 200 200 - - 200
[111] [111]
- 기관운영출연금 200 200
- - - - - 200 200 200 - - 200
(350-01) [111] [111]
나. 사업설명자료
1) 사업목적·내용
ㅇ (목적) 제조기업(산업AI 수요기업)이 필요로 하는 산업AI 솔루션 실증·확산 및 산업AI
협업 생태계 구축
* 산업AI 수요기업(제조기업) - 산업AI 공급기업(솔루션기업) - 연구기관·대학
ㅇ (내용) 공급기업이 보유한 AI 솔루션을 수요기업 현장에 적용·실증
․ (산업AI 솔루션 실증) 업종별 실증 시나리오 설계 後 수요기업 현장에서 파인튜닝
(Fine-tuning)된 솔루션의 성능 검증 및 고도화
․ (전국 확산) 컨소시엄별 업종 협회, 전문연구기관 등 지원기관이 참여하여, 컨소시엄간
실증 성과 공유 및 확산을 뒷받침
2) 사업개요
□ 사업근거 및 추진경위
① 법령상 근거 및 조항 적시 : 산업기술혁신 촉진법 제19조
산업기술혁신 촉진법
제19조(산업기술기반조성사업) ① 산업통상부장관은 산업기술혁신의 기반 및 환경조성에 관한 다음
각 호의 사업(이하 “산업기술기반조성사업”이라 한다)을 추진할 수 있다.
1. 산업기술인력의 활용 및 공급
2. 산업기술 연구장비ㆍ시설 등의 확충 및 활용촉진
3. 연구장비ㆍ시설ㆍ연구인력 및 정보 등 산업기술혁신 요소의 집적화(集積化) 촉진
4. 산업기술혁신을 위하여 필요한 기술ㆍ산업 등에 관한 각종 정보의 생산ㆍ관리 및 활용의 촉진
5. 산업기술의 표준화, 디자인ㆍ브랜드 선진화 등을 위한 기반구축
6. 산업기술문화공간의 설치ㆍ운영 등 산업기술저변의 확충
7. 그 밖에 산업기술혁신 기반 조성을 위하여 대통령령으로 정하는 사업
② 산업통상부장관은 연구기관, 대학, 그 밖에 대통령령으로 정하는 기관ㆍ단체로 하여금 산업기술
기반조성사업을 실시하게 할 수 있으며, 산업기술기반조성사업을 주관하여 실시하는 자(이하 “주관
기관”이라 한다)와 산업기술기반조성사업에 관한 협약을 체결하고, 주관기관에 해당 사업의 수행에
드는 비용의 전부 또는 일부를 출연 또는 보조할 수 있다.
③ 산업기술기반조성사업에 관하여는 제11조(제1항은 제외한다)ㆍ제11조의2 및 제11조의3을 준용
한다. 이 경우 “주관연구기관”은 “주관기관”으로, “산업기술개발사업”은 “산업기술기반조성사업”으로
본다.
② 추진경위 - 사업 시작년도, 추진배경, 부처별 중점과제, 대통령 공약사항 등
ㅇ 「산업 AI 확산을 위한 10대 과제」(‘25.1월)
- AI 선도 프로젝트(정부 주도적 선도 프로젝트 추진), AI 실증‧인프라 구축 과제 이행 등
□ 주요내용
① 사업규모
- 총사업비(해당되는 경우에만 기재) : 해당없음
- 사업기간 : 2025년~2026년
- 최근 "
산업통상부_산업AI용데이터전처리자동화기술개발(R%26D).pdf,산업통상부,산업통상부_산업AI용데이터전처리자동화기술개발(R%26D),R&D,8914,"사 업 명
(1) 산업AI용데이터전처리자동화기술개발(R&D) (3174-364)
□ 사업 코드 정보
구분 회계 소관 실국(기관) 계정 분야 부문
코드 110 117
산업성장실
일반회계 산업통상부 - 산업・중소기업
명칭 산업인공지능정책국 산업혁신지원
및 에너지
구분 프로그램 단위사업 세부사업
코드 3100 3174 364
산업AI용데이터전처리자동화
명칭 산업경쟁력기반구축 우수기술역량강화
기술개발(R&D)
□ 사업 성격
예비타당성 총사업비 총액계상 사업소관 변경정보
신규 계속 완료
실시여부 관리대상 예산사업 2025예산 시 소관
○
□ 사업 지원 형태 및 지원율
직접 출자 출연 보조 융자 국고보조율(%) 융자율 (%)
○
□ 사업 담당자
사업명 구분
실·국·과(팀) 과 장 사무관 주무관
산업AI용데
산업성장실
임경섭 유지나 박수민
이터전처리 소관부처 산업인공지능정책국
자동화기술 제조인공지능
044-203-3840 044-203-3843 044-203-3846
전환협력과
개발(R&D)
사업시행주체한국산업기술진흥원산업인공지능혁신실 주소영 실장 02-6009-3640
가. 예산 총괄표
(단위: 백만원, %)
2024년 2025년 예산 2026년 증감
사업명
결산 본예산(A) 추경 요구안 확정(B) (B-A) (B-A)/A
산업AI용데이터전처리
- 3,200 - 6,325 6,325 3,125 97.7
자동화기술개발(R&D)
□ 기능별(내역사업별), 목별 예산 내역
(단위: 백만원)
2024 2025(2025.12월말)
전년도 이월액
집행액 집행액 제외 2026
예산액 예산 예산 이월 불용
[실집 이월액 불용액 본예산 [실집 집행액 예산
(추경) 현액 현액 예산 예상액예상액
행액] 행액] [실집
현액
행액]
3,200 3,200
○ 기능별 분류(합계) - - - - - 3,200 3,200 3,200 - - 6,325
[3,200] [3,200]
․산업AI용데이터전처리 3,200 3,200
- - - - - 3,200 3,200 3,200 - - 6,325
자동화기술개발 [3,200] [3,200]
3,200 3,200
○ 비목별 분류(합계) - - - - - 3,200 3,200 3,200 - - 6,325
[3,200] [3,200]
․연구개발활동비등 3,200 3,200
- - - - - 3,200 3,200 3,200 - - 6,325
(360-05) [3,200] [3,200]
3,200 3,200
○기능·비목별 분류(합계) - - - - - 3,200 3,200 3,200 - - 6,325
[3,200] [3,200]
․산업AI용데이터전처리 3,200 3,200
- - - - - 3,200 3,200 3,200 - - 6,325
자동화기술개발 [3,200] [3,200]
-연구개발활동비등 3,200 3,200
- - - - - 3,200 3,200 3,200 - - 6,325
(360-05) [3,200] [3,200]
나. 사업설명자료
1) 사업목적·내용
- (목적) 공정별・유형별 산업데이터를 인공지능(AI)이 학습 가능하도록 가공하는 전처리
자동화 기술 강화를 통한 AI 내재화 촉진
- (내용) 산업데이터를 인공지능이 학습 가능 하도록 가공하는 산업데이터 전처리 자동화
플랫폼 개발 및 기업이 참조 가능한 공종별 라이브러리 개발
․ (자동화 플랫폼 개발) 로코드, 노코드 기반으로 데이터 전처리 자동화를 위한 프로
세스 모델러, 전처리 자동 수행기능 등 필요 기능 개발
․ (공종별 라이브러리 개발) 기업이 참조하여 활용 가능하도록 산업에 수요가 높은
공종별(안전, 설비, 품질, 에너지환경, 공정물류) 전처리 라이브러리 개발
․ (실증 및 확산) 산업데이터 전처리 자동화 솔루션을 신규 데이터를 통해 실증하고
유사 분야 AI를 필요로 하는 기업에 확산
2) 사업개요
□ 사업근거 및 추진경위
① 법령상 근거 및 조항 적시
ㅇ 산업 디지털 전환 촉진법 제2조, 제10조, 제20조
산업 디지털 전환 촉진법
제2조(정의) 이 법에서 사용하는 용어의 뜻은 다음과 같다.
1. “산업데이터”란 「산업발전법」 제2조에 따른 산업, 「광업법」 제3조제2호에 따른 광업, 「에너지
법」 제2조제1호에 따른 에너지 관련 산업 및 「신에너지 및 재생에너지 개발ㆍ이용ㆍ보급 촉진법」
제2조제1호 및 제2호에 따른 신에너지 및 재생에너지 관련 산업의 제품 또는 서비스 개발ㆍ생산ㆍ
유통ㆍ소비 등 활동(이하 “산업활동”이라 한다)과정에서 생성 또는 활용되는 것으로서 광(光) 또는
전자적 방식으로 처리될 수 있는 모든 종류의 자료 또는 정보를 말한다.
2. “산업데이터 생성”이란 산업활동 과정에서 인적 또는 물적으로 상당한 투자와 노력을 통하여 기
존에 존재하지 아니하였던 산업데이터가 새롭게 발생하는 것(산업데이터의 활용을 통하여 독자성을
인정할 수 있는 새로운 산업데이터가 발생하는 경우를 포함한다)을 말한다.
3. “산업데이터 활용”이란 산업데이터의 수집, 연계, 저장, 보유, 가공, 분석, 이용, 제공, 공개 및 그
밖에 이와 유사한 행위를 말한다.
제10조(산업데이터 활용 촉진) ① 산업통상부장관은 산업데이터의 합리적 유통 및 공정한 거래 등 원
활하고 안전한 산업데이터 생성ㆍ활용 환경을 보장하고 기업등의 산업데이터 생성ㆍ활용 활성화를
위하여 필요한 지원을 할 수 있다.
② 산업통상부장관은 제9조에 따른 산업데이터 활용 및 보호 원칙을 준수하도록 하고, 같은 조 제5
항에 따른 계약의 체결을 촉진하기 위하여 관계 중앙행정기관의 장과 협의를 거쳐 산업데이터 활
용 계약에 관한 지침을 마련할 수 있다.
제20조(기술ㆍ서비스 개발 등의 촉진) 산업통상부장관은 산업 디지털 전환에 관한 기술ㆍ장비ㆍ소프
트웨어와 산업 디지털 전환을 통한 제품ㆍ서비스(이하 “기술등”이라 한다)의 개발을 촉진하기 위하
여 다음 각 호의 사업을 추진할 수 있다.
1. 기술등에 관한 실태ㆍ통계 조사
2. 기술등의 개발 및 사업화
3. 개발된 기술등의 평가 및 활용
4. 기술등의 개발을 위한 기반 구축
5. 그 밖에 기술등의 개발을 위하여 필요한 사업
ㅇ 산업기술혁신 촉진법 제11조
산업기술혁신 촉진법
제11조(산업기술개발사업) 산업통"
산업통상부_세포및유전자치료제제조공정고도화기술개발(R%26D).pdf,산업통상부,산업통상부_세포및유전자치료제제조공정고도화기술개발(R%26D),R&D,11483,"사 업 명
(238) 세포및유전자치료제 제조공정 고도화 기술개발사업 (3651-453)
□ 사업 코드 정보
구분 회계 소관 실국(기관) 계정 분야 부문
코드 110 117
산업성장실
일반회계 산업통상부 [0] 산업 중소기업
명칭 산업인공지능정책관 산업혁신지원
및 에너지
구분 프로그램 단위사업 세부사업
코드 3600 3651 453
세포및유전자치료제제조공정
명칭 신산업진흥 바이오헬스기술개발
고도화기술개발
□ 사업 성격 (공통요구자료 Ⅱ-1 작성유의사항 4. 참조, 해당하는 사항에 “○” 표시)
예비타당성 총사업비 총액계상 사업소관 변경정보
신규 계속 완료
실시여부 관리대상 예산사업 2025예산 시 소관
○
□ 사업 지원 형태 및 지원율 (최소한 한 개는 반드시 선택하시오. 해당사항에 O 표시)
직접 출자 출연 보조 융자 국고보조율(%) 융자율 (%)
○
□ 사업 담당자
사업명 구분
실·국·과(팀) 과 장 사무관 주무관
산업성장실
세포및유전자 최광준 노진환 -
소관부처 산업인공지능정책관
치료제제조공
인공지능바이오융
정고도화기술 044-203-4290 044-203-4292 -
합산업과
개발(R&D)
한국산업기술
사업시행주체 바이오헬스실 차혜선 실장 053-718-8420
기획평가원
가. 예산 총괄표
(단위: 백만원, %)
2025년 예산 2026년
2024년 증감
사업명
결산 (B-A)
본예산(A) 추경 요구안 확정(B) (B-A)/A
세포및유전자치료
제제조공정고도화 - - - 6,400 6,400 6,400 순증
기술개발(R&D)
□ 기능별(내역사업별), 목별 예산 내역
(단위: 백만원)
2024 2025(2025.12월말)
전년도 이월액
집행액 집행액 제외 2026
예산액 예산 예산 이월 불용
[실집 이월액 불용액 본예산 [실집 집행액 예산
(추경) 현액 현액 예산 예상액예상액
행액] 행액] [실집
현액
행액]
○ 기능별 분류(합계) - - - - - - - - - - - - 6,400
․맞춤형 제조공정
- - - - - - - - - - - - 3,050
고도화 기술개발
․품질관리 시스템
- - - - - - - - - - - - 3,350
최적화 기술개발
○ 비목별 분류(합계) - - - - - - - - - - - - 6,400
․연구개발활동비등
- - - - - - - - - - - - 6,400
(360-05)
○기능·비목별 분류(합계) - - - - - - - - - - - - 6,400
․맞춤형 제조공정
- - - - - - - - - - - - 3,050
고도화 기술개발
- 연구개발활동비
- - - - - - - - - - - - 3,050
등(360-05)
․품질관리 시스템
- - - - - - - - - - - - 3,350
최적화 기술개발
- 연구개발활동비
- - - - - - - - - - - - 3,350
등(360-05)
나. 사업설명자료
1) 사업목적·내용
- (세포및유전자치료제 제조공정 고도화 기술개발사업) 차세대 모달리티 의약품인 세
포및유전자치료제의 고품질 제조공정 핵심시스템 개발 및 GMP 내 검증 등을 통
한 국내 첨단바이오기업들의 글로벌 제조경쟁력 확보 및 시장 진출 유도
- (맞춤형 제조공정 고도화 기술개발) 세포및유전자치료제 제조공정 고도화를 위한
실시간 모니터링 기반 자동화 공정, 유전자치료제 배양기술 고도화, 동종 세포유전
자치료제 대량생산 기술, 고순도 정제기술 및 고품질 생산세포 농축 기술 개발 등
- (품질관리 시스템 최적화 기술개발) 세포및유전자치료제 품질관리 최적화를 위한
AI기반 실시간 세포 이미징 시스템, 신속출하 품질평가 및 검증, 자동화 충진 기술
개발, 속도(온도)제어 해동기술 개발 등
2) 사업개요
□ 사업근거 및 추진경위
① 법령상 근거 및 조항 적시
- 「과학기술기본법」 (제11조, 국가연구개발사업의 추진) 중앙행정기관의 장은 기본
계획에 따라 맡은 분야의 국가연구개발사업과 그 시책을 세워 추진하여야 한다.
- 「산업기술혁신촉진법」 (제11조, 산업기술개발사업) 산업통상부장관은 혁신계획
및 시행계획을 효율적으로 수행하기 위하여 관계 중앙행정기관의 장과 협의하여
다음 각 호의 산업기술분야에서 기술개발사업을 추진할 수 있다.
- 「생명공학육성법」 (제8조, 생명공학 육성시책 강구 등), (제11조, 연구개발사업
의 추진) 정부는 이 법의 목적을 효율적으로 달성하기 위하여 생명공학 연구 및
기술개발을 위한 연구개발사업을 실시하여야 한다. (제15조, 생명공학 연구개발
활성화 및 산업적 응용촉진 추진) 정부는 생명공학 연구개발을 활성화하고 그
결과의 산업적 응용을 촉진하기 위하여 지원시책을 강구하여야 한다
② 추진경위
추진 경과 세부 내용
예타 기획 ∙ 첨단바이오치료제 맞춤형 제조공정 혁신사업 예타 기획
(’22~’24) 추진하였으나, 기술성평가 미시행
⇩
사업 기획방향 설정 ∙ 기존 사업 조정 및 재편 등을 통한 전문가 의견 수렴
(’24.10~’24.12) ∙ 기존 유사사업 분석 및 지원 방향 확정
⇩
추진전략 및
∙ 대내외 환경의 SWOT 분석에 기반한 결과 활용
내역사업 도출
∙ 세부 추진전략 수립 및 내역사업(안) 도출
(’25.01)
⇩
∙ 전문가, 관련기업 협의내용 및 기술수요조사 결과 등으
(예정) 내역사업 별
로 세부과제 수요 발굴
세부과제 도출
∙ 전문위, 부처 및 전문기관에서 수요기술에 대해 검토
(’25.02~03)
∙ 내역사업에 대한 세부과제 최종 도출 및 세부 내용 기획보고
서 초안 완성
⇩
∙ 정책적, 기술적, 경제적 타당성을 부처 및 전문기관, 전
(예정) 기획 내용 문가 위원회에서 최종적으로 검토하여 사업 기획내용
최종 정리 (’25.04) 확정 및 정리
∙ 최종보고서 작성 완료
□ 주요내용
① 사업규모
- 총사업비(해당되는 경우에만 기재) : 해당없음
- 사업기간 : ‘26~’30년(5년)
- 최근 5년 간 투입된 사업비(예산액기준, 추경편성한 연도에는 추경포함)
연도 2022 2023 2024 2025 2026
사업비 6,400백만원
- 기타: 해당없음
② 사업추진체계
- 사업시행방법 : 출연
- 사업시행주체 : 한국산업기술기획평가원
- 사업 수혜자 : 기업, 대학, 연구소 "
외교부_외교업무 디지털 혁신(정보화).pdf,외교부,외교업무,정보화,9337,"사 업 명
외교업무 디지털 혁신(정보화) (7031-505)
□ 사업 코드 정보
구분 회계 소관 실국(기관) 계정 분야 부문
코드 030 032
일반회계 외교부 기획조정실
명칭 외교․통일 외교․통상
구분 프로그램 단위사업 세부사업
코드 7000 7031 505
명칭 외교 행정지원 외교 정보화 외교업무 디지털 혁신
□ 사업 성격 (공통요구자료 Ⅱ-1 작성유의사항 4. 참조, 해당하는 사항에 “○” 표시)
예비타당성 총사업비 총액계상 사업소관 변경정보
신규 계속 완료
실시여부 관리대상 예산사업 2025예산 시 소관
O
□ 사업 지원 형태 및 지원율 (최소한 한 개는 반드시 선택하시오. 해당사항에 O 표시)
직접 출자 출연 보조 융자 국고보조율(%) 융자율 (%)
O
□ 사업 소관부처 및 시행주체
사업명 구분
외교업무
기획조정실 정보관리기획관실
디지털 혁신 소관부처
(정보화)
정보화담당관실
(7031-505)
사업시행주체 외교부
재외공관
기획조정실 정보관리기획관실
클라우드 소관부처
기반의 외교통신담당관실
해외정보
범정부 사업시행주체 외교부
활용체계 운영
기획조정실 정보관리기획관실
스마트
소관부처
업무환경 정보화담당관실
시스템 운영
사업시행주체 외교부
및 유지관리
기획조정실 정보관리기획관실
지능형
소관부처
외교안보
정보화담당관실
데이터 플랫폼
구축
사업시행주체 외교부
가. 예산 총괄표
(단위: 백만원, %)
2024년 2025년 예산 2026년 예산 증감
사업명
결산 (B-A)
본예산 추경*(A) 요구안 본예산(B) (B-A)/A
정보보호 및
외교정보시스템 2,569 13,254 13,254 13,962 13,962 708 5.3
구축․운영(정보화)
* 추경: 추경증감액을 포함한 최종 예산액을 기재
□ 기능별(내역사업별) 예산 내역
(단위: 백만원)
2024 2025
2026
예산액 예산 예산액 예산
집행액 이월액 불용액 집행액 이월액 불용액 예산
(추경) 현액 (추경) 현액
○ 기능별 분류(합계) 2,666 2,666 2,569 - 97 13,254 13,254 13,038 - 216 13,962
․재외공관 클라우드
기반의 해외정보 범 500 500 448 - 52 1,632 1,634 1,608 - 26 2,204
정부 활용체계 운영
․재외공관 스마트 업
무환경 구축 후 운 239 239 235 - 4 - - - - - -
영관리
․5G정부망 운영 600 600 600 - - - - - - - -
․5G정부망 통신료 300 300 300 - - - - - - - -
․외교정보단 DB 구
1,027 1,027 986 - 41 - - - - - -
축
․스마트 업무환경
시스템 운영 및 유 - - - - - 1,017 1,015 941 - 74 1,017
지관리
․지능형 외교 안보
데이터 플랫폼 구 - - - - - 10,605 10,605 10,489 - 116 10,741
축
나. 사업설명자료
1) 사업목적·내용
ㅇ 포스트 코로나 시대 디지털 핵심기술(데이터-스마트 업무환경-인공지능)
을 업무에 적용하여 외교환경의 변화와 업무영역의 확대에 선제적으로 대응
이 가능한 업무환경 마련
ㅇ 디지털 핵심기술을 업무에 적용, 행정 인프라 강화 및 외교업무 지능화
· (스마트 업무환경) 포스트 코로나 시대 비대면·현장 중심 업무방식 지
원 (전용 노트북으로 재택·현장업무 수행)
· (AI) 정형화된 자료 수집·작성 등 단순·반복 업무를 자동화하여 외교역
량을 핵심 업무에 투입할 수 있는 기반 마련
· (데이터) 각종 외교정보 및 해외 공개정보 적시 수집 및 활용 역할의 중
요성 증가에 따라 정부기관 및 정책결정자, 기업 및 일반 국민이 필요로
하는 다양한 형태의 데이터 제공 지원
2) 사업개요
□ 사업근거 및 추진경위
① 법령상 근거
ㅇ 데이터 구축·개방·활용, AI기반 지능형 정부 과제 관련
ㅇ 국격에 걸맞는 글로벌 중추국가 역할 강화, 능동적 경제안보 외교 추진 등 우리부
국정과제 추진 지원
ㅇ 데이터 안전 활용 기반 강화, 일하는 방식 전환 등 디지털플랫폼정부 과제 이행을
위한 부내 중점추진 사업으로 선정
- 120대 국정과제 관련
11. 모든 데이터가 연결되는 세계 최고의 디지털플랫폼정부 구현
모든 데이터가 연결되는 ‘디지털 플랫폼’위에서 국민, 기업, 정부가
과제목표
함께 사회문제를 해결하고, 새로운 가치를 창출하는 정부 구현
주요내용 관련 사업
· 디지털 기반 스마트 업무환경 구축
· AI를 활용한 업무자동화 MOFA Bot 도입
일하는 방식 대전환
· 지능형 외교안보 데이터 활용전략 수립 BPR/ISP
· 지능형 외교안보 데이터 플랫폼 구축(’25~’27)
· 지능형 외교안보 데이터 활용전략 수립 BPR/ISP
데이터 안전 활용 기반 강화
· 지능형 외교안보 데이터 플랫폼 구축(’25~’27)
※ ‘20.12월 ⌜데이터기반행정 활성화에 관한 법률⌟시행, ｢디지털 정부 혁신 추진계획(‘19.10)｣ (과제
4) 현장중심 협업을 지원하는 스마트 업무환경 구현, ⌜제6차 국가정보화기본계획⌟(~2022), 인공
지능 기반의 지능형 정부 구현, ⌜디지털플랫폼정부 실현계획(‘23.4.)⌟, 인공지능･데이터 기반의
과학적 행정 일상화
② 추진경위
ㅇ 2020년 외교 기반 인프라 개선을 위한 거점 클라우드 구축 ISP 사업 완료
ㅇ 정책의사결정을 위한 외부데이터 분석과제 이행(‘20.4~8.)
- 데이터기반 정책 지원 시스템 구축을 위한 사전 실증사업
ㅇ‘20년 행정안전부 주관 업무자동화(RPA)컨설팅 수행
- 재외공관 현지/한국인 행정직원 급여 업무에 RPA도입
□ 주요내용
① 사업규모
- 총사업비(해당되는 경우에만 기재) : 해당없음
- 사업기간 : ‘22년 ~ 계속
- 최근 5년 간 투입된 사업비(예산액기준, 추경편성한 연도에는 추경포함)
연도 2022 2023 2024 2025 2026
사업비 3,131 3,649 2,666 13,254 13,962
② 사업추진체계
- 사업시행방법 : 직접수행
- 사업시행주체 : 외교부
- 사업 수혜자 : 본부 및 재외공관
- 보조, 융자, 출연, 출자 등의 경우 보조․융자 등 지원 비율 및 법적근거 : 해당없음
3) 2026년도 예산 산출 근거
"
중소벤처기업부_ICT융합스마트공장보급확산.pdf,중소벤처기업부,중소벤처기업부_ICT융합스마트공장보급확산,R&D,14784,"사 업 명
(4) ICT융합스마트공장보급·확산 (2111-303)
□ 사업 코드 정보
구분 회계 소관 실국(기관) 계정 분야 부문
코드 110 119
중소기업정책실
일반회계 중소벤처기업부 산업·중소기 중소기업 및
명칭 지역기업정책관
업 및 에너지 소상공인육성
구분 프로그램 단위사업 세부사업
코드 2100 2111 303
명칭 중소기업기술개발지원 중소기업경쟁력강화 ICT융합스마트공장보급·확산
□ 사업 성격
예비타당성 총사업비 총액계상 사업소관 변경정보
신규 계속 완료
실시여부 관리대상 예산사업 2025예산 시 소관
O
□ 사업 지원 형태 및 지원율
직접 출자 출연 보조 융자 국고보조율(%) 융자율 (%)
O O O 30~100%
□ 사업 담당자
사업명 구분
중소기업정책실
지역기업정책관
ICT융합스마트공장보급·확산 소관부처
제조혁신과
제조혁신구축지원
(선도형 제조혁신, 스마트공장 수준확인)
제조혁신 인프라 조성 중소기업기술정보진흥원
제조데이터 생태계구축
AI 응용제품 신속 상용화
사업시행
제조혁신구축지원 주체
한국로봇산업진흥원
(제조혁신 자동화)
제조혁신구축지원
한국생산기술연구원
(제조혁신 자동화)
가. 예산 총괄표
(단위: 백만원, %)
2024년 2025년 예산 2026년 예산 증감
사업명
결산 (B-A)
본예산 추경(A) 요구안 본예산(B) (B-A)/A
ICT융합
219,054 236,076 286,923 436,556 402,056 115,133 40.1
스마트공장보급·확산
□ 기능별(내역사업별) 예산 내역
(단위: 백만원)
2024 2025
2026
예산액 예산 예산액 예산
집행액 이월액 불용액 집행액 이월액 불용액 예산
(추경) 현액 (추경) 현액
○ 기능별 분류(합계) 219,054 219,054 218,440 - 614 286,923 286,923 286,923 - - 402,056
․제조혁신구축
205,651 205,651 205,037 - 614 270,141 270,141 270,141 - - 317,290
지원
․제조혁신 인프라
11,910 11,910 11,910 - - 13,782 13,782 13,782 - - 12,126
조성
․제조데이터 생태계
1,493 1,493 1,493 - - 3,000 3,000 3,000 - - 8,140
구축
․AI 응용제품
- - - - - - - - - - 64,500
신속 상용화
나. 사업설명자료
1) 사업목적·내용
- (ICT융합 스마트공장 보급·확산) 대내외 환경변화의 효과적 대응을 위해 제조 중소‧
중견기업 대상 DX 맞춤 지원 사업
- (제조혁신 구축지원) 동 내역사업은 한국 제조현실에 적합한 제조 혁신을 중소‧중견
기업 대상으로 지원하여 전체 제조업의 경쟁력 향상 도모
① (선도형 제조혁신) 중소․중견 제조기업을 대상으로 스마트화 기반 강화와
생산성 향상 등 제조업 경쟁력 제고를 위해 스마트공장 구축 지원
② (제조혁신 자동화) 제조로봇‧자동화설비 등을 통한 생산성 향상, 산업재해 감소,
인력난 해소 등 제조공정의 디지털 전환으로 국내 제조업의 경쟁력 향상
③ (스마트공장 수준확인) 스마트공장 구축 수준확인 제도 운영을 통한 민간의
자발적인 스마트공장 구축 확산
- (제조혁신 인프라조성) 스마트공장 도입기업의 운영 애로사항 해결을 위한 컨설팅을
지원하고, 공급기업 역량진단 및 제조솔루션 구축을 통한 스마트공장 활용도 제고
① (공급기업 역량진단) 공급기업의 객관적인 역량결과를 제공하여 자발적 역량강화 촉진,
전문기업 지정 및 우수공급기업 정보공개를 통해 양질의 스마트공장 구축 지원
② (클라우드 종합솔루션) 중소 공급기업의 제조솔루션 클라우드 전환 및 다수의 제조
솔루션을 통합하여 클라우드‧패키지 형태로 개발 지원
③ (제조DX멘토단 활용지원) 스마트공장 도입기업의 운영 애로사항 해결을 위한
제조혁신 전문가 컨설팅 지원과 사후관리 지원
- (제조데이터 생태계 구축) 스마트공장의 ①업종별 공정, ②장비별 제조데이터 표준화를
통해 표준기반의 스마트공장 구축을 촉진하여 스마트제조 생태계 활성화
① (국가표준정책연구) 제조현장의 생산성 제고를 위한 스마트공장 표준개발 및 활용지원
② (제조데이터 표준화) 현장설비의 각기 다른 데이터 정보들을 표준화하여 장비‧
공정 간 데이터 연계를 통해 공정 최적화 및 협업기업간 데이터 공유 기반 마련
- (AI 응용제품 신속 상용화) 중소제조현장의 신속한 AI전환 촉진을 위해 1~2년 내
성과도출이 가능한 스마트제조 분야 AI 제품·서비스 상용화 및 확산 지원
2) 사업개요
□ 사업근거 및 추진경위
① 법령상 근거 및 조항
◦ 스마트제조혁신촉진법 제8조(스마트제조혁신 촉진), 제12조(제조데이터 활용 지원)
제8조(스마트제조혁신 촉진) ① 중소벤처기업부장관은 스마트제조혁신 촉진을 위하여 다음 각 호의
지원사업을 추진할 수 있다.
1. 스마트공장 보급 및 확산, 사후관리 지원
2. 스마트제조혁신 기술경쟁력 제고
3. 스마트제조혁신 관련 중소기업과 중견기업, 대기업 간의 협력 촉진
4. 산ㆍ학ㆍ연 공동 스마트제조혁신 지원
5. 제조데이터의 활용 촉진
6. 디지털 클러스터 구축 지원
7. 공급기업의 육성
8. 스마트제조혁신 전문인력의 양성 및 공급
9. 스마트제조혁신 관련 교육 및 홍보
10. 스마트제조혁신 관련 기업의 국내외 판로 개척
11. 그 밖에 스마트제조혁신 촉진에 필요한 사업으로서 대통령령으로 정하는 사업
② 중소벤처기업부장관은 제1항에 따른 지원사업에 참여하는 대학, 연구기관, 공공기관, 중소기업 등
에 대하여 그 비용의 전부 또는 일부를 출연하거나 지원할 수 있다.
제12조(제조데이터 활용 지원) ① 중소벤처기업부장관은 중소기업의 제조데이터 활용을 위하여 필요
한 시책을 수립ㆍ시행할 수 있다.
② 중소벤처기업부장관은 중소기업의 제조데이터 생산ㆍ수집, 가공ㆍ분석, 공유ㆍ유통을 촉진하기
위한 지원사업을 추진할 수 있다.
③ 중소벤처기업부장관은 제2항에 따른 지원사업에 참여하는 대학, 연구기관, 공공기관, 중소기업
등에 대하여 그 비용의 전부 또는 일부를 출연하거나 지원할 수 있다.
④ 제조데이터 활용 지원을 위한 지원기준, 지원방법 등 제2항의 지원사업 추진에 필요"
중소벤처기업부_중소제조 특화 Multi AI Agent개발(R%26D).pdf,중소벤처기업부,중소벤처기업부_중소제조 특화 Multi AI Agent개발(R%26D),R&D,5886,"사 업 명
(20) 중소제조 특화 Multi AI Agent 개발(R&D) (2134-488)
□ 사업 코드 정보
구분 회계 소관 실국(기관) 계정 분야 부문
코드 110 119
중소벤처기업 중소기업정책실
일반회계 - 산업 중소기업 중소기업 및
명칭 부 지역기업정책관
및 에너지 소상공인 육성
구분 프로그램 단위사업 세부사업
코드 2100 2134 488
중소제조 특화 Multi AI
명칭 중소기업기술개발지원 기술개발지원
Agent 개발(R&D)
□ 사업 성격 (공통요구자료 Ⅱ-1 작성유의사항 4. 참조, 해당하는 사항에 “○” 표시)
예비타당성 총사업비 총액계상 사업소관 변경정보
신규 계속 완료
실시여부 관리대상 예산사업 2025예산 시 소관
○
□ 사업 지원 형태 및 지원율 (최소한 한 개는 반드시 선택하시오. 해당사항에 O 표시)
직접 출자 출연 보조 융자 국고보조율(%) 융자율 (%)
○
□ 사업 소관부처 및 시행주체
사업명 구분
실·국·과(팀) 과장 사무관 주무관
중소제조
중소기업정책실
소관부처 양승욱 권현주
특화 Multi
지역기업정책관
AI Agent 제조혁신과 044-204-7260 044-204-7255
중소기업기술
개발(R&D)
사업시행주체 제조AX사업실 라재성 실장 044-300-0970
정보진흥원
가. 예산 총괄표
(단위: 백만원, %)
2024년 2025년 예산 2026년 예산 증감
사업명
결산 (B-A)
본예산 추경(A) 요구안 본예산(B) (B-A)/A
중소제조 특화
Multi AI Agent - - - 3,600 3,600 3,600 순증
개발(R&D)
□ 기능별(내역사업별) 예산 내역
(단위: 백만원)
2024 2025
2026
예산액 예산 예산액 예산
집행액 이월액 불용액 집행액 이월액 불용액 예산
(추경) 현액 (추경) 현액
○ 기능별 분류(합계) - - - - - - - - - - 3,600
․PoC 시범연구 - - - - - - - - - - 3,600
나. 사업설명자료
1) 사업목적·내용
- (중소제조 특화 Multi AI Agent 개발) 중소 제조업의 비정형 작업 대응력 강화와
공정·품질 최적화를 위한 Multi AI Agent 기술개발 지원으로, AX 전환 촉진 및
지속가능한 제조혁신 생태계 조성
- (PoC 시범연구) 중소제조 특화 Multi AI Agent 개발을 위한 ①연구개발 설계(추진
체계 및 역할 등 수립), ②데이터 구축(전처리), ③AI 에이전트 구조설계 기획 지원
- (R&D 지원) 중소제조 특화 Multi AI Agent 개발(비정형 상황 다중 AI 자율결정
모델 개발), 실증 및 확장(개발모델 실증 고도화) 지원
2) 사업개요
□ 사업근거 및 추진경위
① 법령상 근거 및 조항 적시
<중소기업기술혁신촉진법 제9조, 제10조, 제11조, 제11조의3, 제17조의3>
제9조(중소기업의 기술혁신 촉진 지원사업) ① 중소벤처기업부장관은 중소기업의 기술혁신을 촉진
하기 위하여 다음 각호의 지원사업을 추진하여야 한다.
1. 기술혁신에 필요한 자금지원
3. 수요와 연계된 기술혁신의 지원
4. 기술혁신 성과의 사업화
제10조(기술혁신 중소기업자에 대한 출연) ① 중소벤처기업부장관은 중소기업의 기술혁신을 촉진
하기 위하여 필요하다고 인정하는 경우 기술혁신능력을 보유한 중소기업자가 단독으로 또는 공동
으로 수행하는 기술혁신사업에 출연할 수 있다.
제11조(산·학·연 공동기술혁신 수행기관 등에 대한 출연) ① 중소벤처기업부장관은 중소기업의 기술
혁신 등을 촉진하기 위하여 다음 각 호의 학교ㆍ기관 또는 단체가 중소기업자와 공동으로 수행
하는 산학협력 지원사업과 중소기업에 대하여 실시하는 기술지도사업에 출연할 수 있다.
제11조의3(중소기업의 국제기술협력 지원) ① 중소벤처기업부장관은 중소기업과 국제기구 또는
외국의 정부·기업·대학·연구기관 및 단체 등과의 기술협력을 촉진하기 위하여 다음 각 호의 사업을
추진할 수 있다.
제17조의3(중소기업의 생산 환경개선 및 생산성 향상을 위한 지원) ① 중소벤처기업부장관은 중소
기업의 생산환경을 개선하여 중소기업으로의 인력 유입을 촉진하고 생산성 향상을 도모하기
위하여 다음 각 호의 사업을 추진할 수 있다.
1. 생산환경 개선을 위한 실태조사
2. 생산환경 개선을 위한 설비 또는 장비의 개발
3. 쾌적한 작업환경의 조성을 위한 시설투자의 지원
4. 생산성 향상을 위한 생산 공정의 진단ㆍ설계ㆍ개선 및 신공정 개발
5. 그 밖에 중소벤처기업부장관이 생산 환경을 개선하고 생산성을 향상시키기 위하여 필요하다고
인정하는 사업
② 중소벤처기업부장관은 제1항에 따른 사업을 추진하기 위하여 필요하다고 인정할 때에는
대학·연구기관·공공기관 및 중소기업 등에 사용되는 비용의 일부를 출연할 수 있다.
<스마트제조혁신촉진법 제8조, 제16조>
제8조(스마트제조혁신 촉진) ① 중소벤처기업부장관은 스마트제조혁신 촉진을 위하여 다음 각 호의
지원사업을 추진할 수 있다.
1. 스마트공장 보급 및 확산, 사후관리 지원
2. 스마트제조혁신 기술경쟁력 제고
3. 스마트제조혁신 관련 중소기업과 중견기업, 대기업 간의 협력 촉진
4. 산ㆍ학ㆍ연 공동 스마트제조혁신 지원
5. 제조데이터의 활용 촉진
6. 디지털 클러스터 구축 지원
7. 공급기업의 육성
8. 스마트제조혁신 전문인력의 양성 및 공급
9. 스마트제조혁신 관련 교육 및 홍보
10. 스마트제조혁신 관련 기업의 국내외 판로 개척
11. 그 밖에 스마트제조혁신 촉진에 필요한 사업으로서 대통령령으로 정하는 사업
② 중소벤처기업부장관은 제1항에 따른 지원사업에 참여하는 대학, 연구기관, 공공기관, 중소기업
등에 대하여 그 비용의 전부 또는 일부를 출연하거나 지원할 수 있다.
제16조(공급기업 육성) ① 중소벤처기업부장관은 공급기업을 육성하기 위하여 다음 각 호의 사업을
할 수 있다.
1. 공급기업의 창업 지원
2. 공급기업의 연구개발 지원
3. 공급기업의 국내외 판로개척
4. 그 밖에 공급기업 육성에 필요한 사업으로서 대통령령으로 정하는 사업
② 중소벤처기업부장관은 제1항에 따른 사업에 참여하는 대학, 연구기관, 공공기관, 중소기업 등에
대하여 그 비용의 전부 또는 일부를 출연하거"
질병관리청_국가 통합 바이오 빅데이터 구축 사업(R%26D).pdf,질병관리청,질병관리청_국가 통합 바이오 빅데이터 구축 사업(R%26D),R&D,9951,"사 업 명
(1) 국가 통합 바이오 빅데이터 구축사업(R&D) (6634-345)
□ 사업 코드 정보
구분 회계 소관 실국(기관) 계정 분야 부문
코드 090 091
일반회계 질병관리청 국립보건연구원
명칭 보건 보건의료
구분 프로그램 단위사업 세부사업
코드 6600 6634 345
국가 보건의료연구 인프라 국가 통합 바이오 빅데이터
명칭 보건의료연구관리
구축 구축사업(R&D)
□ 사업 성격 (공통요구자료 Ⅱ-1 작성유의사항 4. 참조, 해당하는 사항에 “○” 표시)
예비타당성 총사업비 총액계상 사업소관 변경정보
신규 계속 완료
실시여부 관리대상 예산사업 2025예산 시 소관
○ ○
□ 사업 지원 형태 및 지원율 (최소한 한 개는 반드시 선택하시오. 해당사항에 O 표시)
직접 출자 출연 보조 융자 국고보조율(%) 융자율 (%)
○
가. 예산 총괄표
(단위: 백만원, %)
2025년 예산 2026년
2024년 증감
사업명
(B-A)/
결산 (B-A)
본예산(A) 추경 정부안 확정(B)
A
국가 통합 바이오
빅데이터 21,755 23,934 23,934 12,135 12,135 △11,799 △49.3
구축사업(R&D)
□ 기능별(내역사업별), 목별 예산 내역
(단위: 백만원)
2024 2025(2025.12월말)
전년도 이월액
집행액 집행액 제외 2026
예산액 예산 예산 이월 불용
[실집행이월액 불용액 본예산 [실집 집행액 예산
(추경) 현액 현액 예산 예상액 예상액
액] 행액] [실집행
현액
액]
21,755 23,934 23,934
○ 기능별 분류(합계) 21,755 21,755 - - 23,934 23,934 23,934 - - 12,135
[20,584] [23,934] [23,934]
․바이오 데이터뱅크 19,001 22,729 22,729
19,001 19,001 - - 22,729 22,729 22,729 - - 11,580
구축·운영 [18,132] [22,729] [22,729]
2,754 1,205 1,205
․사업단 운영 2,754 2,754 - - 1,205 1,205 1,205 - - 555
[2,452] [1,205] [1,205]
21,755 23,934 23,934
○ 비목별 분류(합계) 21,755 21,755 - - 23,934 23,934 23,934 - - 12,135
[20,584] [23,934] [23,934]
․연구개발활동비등 21,755 23,934 23,934
21,755 21,755 - - 23,934 23,934 23,934 - - 12,135
(360-05) [20,584] [23,934] [23,934]
21,755 23,934 23,934
○기능·비목별 분류(합계) 21,755 21,755 - - 23,934 23,934 23,934 - - 12,135
[20,584] [23,934] [23,934]
․바이오 데이터뱅크 19,001 22,729 22,729
19,001 19,001 - - 22,729 22,729 22,729 - - 11,580
구축·운영 [18,132] [22,729] [22,729]
-연구개발활동비 19,001 22,729 22,729
19,001 19,001 - - 22,729 22,729 22,729 - - 11,580
등(360-05) [18,132] [22,729] [22,729]
2,754 1,205 1,205
․사업단 운영 2,754 2,754 - - 1,205 1,205 1,205 - - 555
[2,452] [1,205] [1,205]
-연구개발활동비 2,754 1,205 1,205
2,754 2,754 - - 1,205 1,205 1,205 - - 555
등(360-05) [2,452] [1,205] [1,205]
나. 사업설명자료
1) 사업목적·내용
◦ (국가 통합 바이오 빅데이터 구축) 참여자 동의 기반 검체(혈액·소변 등)를 확보*하고,
임상·유전체 및 공공데이터 등을 통합·개방하기 위한 R&D 인프라 구축
* 1단계(’24∼’28년) 77.2만명 모집(예타 기준 6,065.8억원)
- (내역① 바이오 데이터뱅크 구축·운영) 개인 중심으로 통합된 바이오 빅데이터 구축
및 동의·수집·보호·활용체계 마련
- (내역② 사업단 운영) 사업 기획, 평가 및 성과관리 등 사업 운영 관리
2) 사업개요
□ 사업근거 및 추진경위
① 법령상 근거 및 조항 적시
◦ 과학기술기본법 제11조(국가연구개발사업의 추진)
제11조(국가연구개발사업의 추진) ① 중앙행정기관의 장은 기본계획에 따라 맡은 분야의
국가연구개발사업과 그 시책을 세워 추진하여야 한다. <개정 2014. 5. 28.>
② 추진경위 - 사업 시작년도, 추진배경, 부처별 중점과제, 대통령 공약사항 등
지 ㅇ 국정과제 32-2
원 - 의료 AI·제약·바이오헬스 강국 실현 / 의료AI 등 디지털 헬스케어 혁신성장 체계 구축
근
거 ㅇ 제5차 과학기술기본계획(‘23~‘27), Ⅳ. 중점 육성기술(전략기술)
 12대 국가전략기술 분야 및 50개 세부 중점기술
- 한국인 특유 유전체·바이오 빅데이터 구축
ㅇ 제1차 국가전략기술 육성 기본계획(’24~’28)
중점기술  디지털·헬스 데이터 분석·활용
□ 기술개발, 핵심R&D
ㅇ 신약·의료기기 개발, 정밀의료 실현을 위한 AI 활용 촉진 및 바이오 빅데이터 구축 지원
- 참여자의 동의를 기반으로 검체(혈액, 소변 등)를 확보, 임상·유전체 데이터를 생산, 공공데이터와
라이프로그를 수집·연계하여 R&D 인프라인 한국형 바이오 빅데이터 및 데이터뱅크 구축
* 국가 통합 바이오 빅데이터 구축 (’24~’28, ’24년 171억원)
ㅇ 신성장 4.0프로젝트(‘23.1. 기재부)
- □12 (바이오 혁신) 바이오 파운드리, 바이오 데이터뱅크 구축
※ ’25년 추진계획(’25.3월)
ㅇ 데이터뱅크 대국민 홍보 등을 통한 국가 통합 바이오 빅데이터 구축 사업 참여자
모집 본격화(‘25), 양질의 연구자원* 축적 및 내실화
* 유전체 및 오믹스 데이터 생산, 공공데이터 등 2차 자료 연계 등
ㅇ 바이오헬스 신시장창출전략(‘23.2.)
- ❸ (데이터뱅크) 국가 통합 바이오 빅데이터 구축 및 개방
: 임상정보·"
해양수산부_머신러닝 기반 해저면 특성 분류 기술개발(R%26D).pdf,해양수산부,해양수산부_머신러닝 기반 해저면 특성 분류 기술개발(R%26D),R&D,8186,"사 업 명
(60) 머신러닝 기반 해저면 특성 분류 기술개발(R&D) (2046-309)
□ 사업 코드 정보
구분 회계 소관 실국(기관) 계정 분야 부문
코드 11 28 120 126
국립해양조사원 -
명칭 일반회계 해양수산부 교통 및 물류 물류 등 기타
구분 프로그램 단위사업 세부사업
코드 2000 2046 309
머신러닝 기반 해저면 특성
명칭 해양산업육성 및 영토관리 해양수산산업진흥(R&D)
분류 기술개발(R&D)
□ 사업 성격 (공통요구자료 Ⅱ-1 작성유의사항 4. 참조, 해당하는 사항에 “○” 표시)
예비타당성 총사업비 총액계상 사업소관 변경정보
신규 계속 완료
실시여부 관리대상 예산사업 2025예산 시 소관
○
□ 사업 지원 형태 및 지원율 (최소한 한 개는 반드시 선택하시오. 해당사항에 O 표시)
직접 출자 출연 보조 융자 국고보조율(%) 융자율 (%)
○
□ 사업 담당자
사업명 구분
머신러닝 실·국·과(팀)명
기반 해저면 소관부처 국립해양조사원
특성 분류 수로측량과
기술개발 해양수산과학기술진흥원
사업시행주체
(R&D) 해양R&D실
가. 예산 총괄표
(단위: 백만원, %)
2024년 2025년 예산 2026년 증감
사업명
결산 본예산(A) 추경 정부안 확정(B) (B-A) (B-A)/A
머신러닝 기반
해저면
2,670 3,170 3,170 3,170 3,170 - -
특성 분류
기술개발(R&D)
□ 기능별(내역사업별), 목별 예산 내역
(단위: 백만원)
2024 2025(2025.12월말)
전년도 이월액
집행액 집행액 제외 2026
예산액 예산 예산 이월 불용
[실집 이월액 불용액 본예산 [실집 집행액 예산
(추경) 현액 현액 예산 예상액 예상액
행액] 행액] [실집
현액
행액]
2,670 3,170 3,170
○ 기능별 분류(합계) 2,670 2,670 - - 3,170 3,170 3,170 - - 3,170
[2,670] [3,170] [3,170]
․머신러닝 기반 해저면 2,170 3,170 3,170
2,170 2,170 - - 3,170 3,170 3,170 - - 3,170
특성 분류 기술개발 [2,170] [3,170] [3,170]
․광역해양생태계 변동
요인 대응‧관리를 위한 500
500 500 - - - - - - - - - -
AI기반 해양생태계 [500]
진단‧예측 기술개발
2,670 3,170 3,170
○ 비목별 분류(합계) 2,670 2,670 - - 3,170 3,170 3,170 - - 3,170
[2,670] [3,170] [3,170]
․연구개발활동비 2,670 3,170 3,170
2,670 2,670 - - 3,170 3,170 3,170 - - 3,170
등(360-05) [2,670] [3,170] [3,170]
2,670 3,170 3,170
○기능·비목별 분류(합계) 2,670 2,670 - - 3,170 3,170 3,170 - - 3,170
[2,670] [3,170] [3,170]
․머신러닝 기반 해저면 2,170 3,170 3,170
2,170 2,170 - - 3,170 3,170 3,170 - - 3,170
특성 분류 기술개발 [2,170] [3,170] [3,170]
․연구개발활동비 2,170 3,170 3,170
2,170 2,170 - - 3,170 3,170 3,170 - - 3,170
등(360-05) [2,170] [3,170] [3,170]
․광역해양생태계 변동
요인 대응‧관리를 위한 500
500 500 - - - - - - - - - -
AI기반 해양생태계 [500]
진단‧예측 기술개발
․연구개발활동비 500
500 500 - - - - - - - - - -
등(360-05) [500]
나. 사업설명자료
1) 사업목적·내용
- (머신러닝 기반 해저면 특성 분류 기술개발)
- 머신러닝 및 AI 기술 기반의 해양공간계획을 위한 해저면 특성 분류·피복 정보 생산
및 광역생태계 정보 진단‧예측 기술개발
- (머신러닝 기반 해저면 특성 분류 기술개발)
- 머신러닝 기법을 적용하여 지속 가능한 해양공간의 합리적 활용 및 보전에 필요한
초정밀 해저면 특성 분류 및 피복정보 생성 기술개발
2) 사업개요
□ 사업근거 및 추진경위
① 법령상 근거 및 조항 적시
- 해양수산과학기술육성법 제8조(연구개발사업등의 추진)
- 해양수산발전기본법 제17조(해양과학조사 및 기술개발 등)
- 해양수산발전기본법 제28조의2(해양수산분야 신산업 개발의 지원)
- 해양조사와 해양정보 활용에 관한 법률 제12조(연구ㆍ개발 등의 추진)
- 해양공간계획법 제4조(국가 등의 책무), 해양환경보전법 제15조(해양환경의 종합적 공간관리)
- 해양생태계법 제4조(국가 등의 책무) 및 같은 법 9조의2(해양생태축의 설정)
② 추진경위 - 사업 시작년도, 추진배경, 부처별 중점과제, 대통령 공약사항 등
< 해양이용 생태적 이용 필요성 증대 >
ㅇ 해양공간계획법(`19.4월 시행)에 따라 해양의 생태적‧문화적‧경제적 가치가 공존하는 이용‧
개발을 기본원칙으로 강조
- 선점식 해양개발을 지양하고, 해양공간의 통합적‧참여적 관리를 위한 생태 과학적
추
기초정보로서 해저면 특성 정보의 중요성 증가
진
경 ㅇ 해양공간과 자원을 통합관리하기 위한 평가 및 분석기술 필요성 증대
위
⇒ 우리나라 관할해역에 전반에 대한 해저면 특성 정보의 수요‧필요성 증가
- 해저면 특성 정보는 수심, (특이)지형 뿐만아니라 해저면 상부, 천부의 저질‧피복, 생태
서식지 및 해저면 하부 지층의 수평·수직적 상태에 대한 정보로 해상 시설물 건설,
연근해 양식, CO 지중저장 연구개발, 석유가스자원 탐사 및 개발에 필요한 기초 정보
2
* 해저면 피복 분류: 자연상태 해저면의 물리적인 상태를 분류한 것을 의미
* 해저면 피복도: 물리적인 상태를 일정한 기준에 따라 분류하고, 해저면 특성 정보를 지도로 표현한 주제도
< 해저탐사의 효율성 및 경제성 획기적 제고 >
ㅇ 기존 해저면 특성 정보 취득방법은 피스톤코어, 드릴링 등 높은 단가와 긴 시간이 소요
되어 관할해역 전반에 고밀도 자료 획득에 한계가 있으며 고중량의 탐사장비를 해저에
낙하 후 회수하는 기간 안전사고 위험 내포
"
해양수산부_민군경 AI 기반 해양영상 융복합 분석기술 개발(R%26D).pdf,해양수산부,해양수산부_민군경 AI 기반 해양영상 융복합 분석기술 개발(R%26D),R&D,6930,"사 업 명
(70) 민군경AI기반해양영상융복합분석기술개발(R&D) (2046-359)
□ 사업 코드 정보
구분 회계 소관 실국(기관) 계정 분야 부문
코드 11 28 120 126
국립해양조사원
명칭 일반회계 해양수산부 교통및물류 물류등기타
구분 프로그램 단위사업 세부사업
코드 2000 2046 359
민군경AI기반해양영상융복합
명칭 해양산업육성및영토관리 해양수산산업진흥(R&D)
분석기술개발(R&D)
□ 사업 성격 (공통요구자료 Ⅱ-1 작성유의사항 4. 참조, 해당하는 사항에 “○” 표시)
예비타당성 총사업비 총액계상 사업소관 변경정보
신규 계속 완료
실시여부 관리대상 예산사업 2025예산 시 소관
○
□ 사업 지원 형태 및 지원율 (최소한 한 개는 반드시 선택하시오. 해당사항에 O 표시)
직접 출자 출연 보조 융자 국고보조율(%) 융자율 (%)
○
□ 사업 담당자
사업명 구분
민군경
실·국·과(팀)명
국립해양조사원
AI기반 소관부처
해양예보과
해양영상
융복합
해양수산과학 기술진흥원
분석기술개발 사업시행주체
해양R&D실
(R&D)
가. 예산 총괄표
(단위: 백만원, %)
2024년 2025년 예산 2026년 증감
사업명
결산 본예산(A) 추경 정부안 확정(B) (B-A) (B-A)/A
민군경 AI기반
해양영상 융복합
- - - 3,500 3,500 3,500 순증
분석기술개발
(R&D)
□ 기능별(내역사업별), 목별 예산 내역
(단위: 백만원)
2024 2025(2025.12월말)
전년도 이월액
집행액 집행액 제외 2026
예산액 예산 예산 이월 불용
[실집 이월액 불용액 본예산 [실집 집행액 예산
(추경) 현액 현액 예산 예상액 예상액
행액] 행액] [실집
현액
행액]
○ 기능별 분류(합계) - - - - - - - - - - - - 3,500
․민군경 AI 기반
해양영상 융복합 - - - - - - - - - - - - 3,500
분석기술개발
○ 비목별 분류(합계) - - - - - - - - - - - - 3,500
․연구개발활동비
- - - - - - - - - - - - 3,500
등(360-05)
○기능·비목별 분류(합계) - - - - - - - - - - - - 3,500
․민군경 AI 기반
해양영상 융복합 - - - - - - - - - - - - 3,500
분석기술개발
-연구개발활동비
- - - - - - - - - - - - 3,500
등(360-05)
나. 사업설명자료
1) 사업목적·내용
- (사업목적) 주변국의 무단 해양시설 설치, 공세적 해양활동*에 대응해 해양주권
수호를 위해 최외곽 해역에서 체계적 감시·탐지 기술개발
- (사업내용) 해상물체의 자동탐지 및 식별을 위한 AI 알고리즘, 온디바이스 AI 기반
지능형 감시 및 해수부·해군·해경 플랫폼에 연계 가능 멀티모달 기술개발
2) 사업개요
□ 사업근거 및 추진경위
(1) 법령상 근거 및 조항 적시
- 「해양조사와 해양정보 활용에 관한 법률」 제14조(해양관측의 실시)
① 해양수산부장관은 기본계획 및 연도별 시행계획에 따라 조석ㆍ조류ㆍ해류ㆍ
해양기상 등 해양의 특성 및 그 변화를 관찰ㆍ측정하고, 관련 정보를
수집하기 위한 해양관측을 실시하여야 한다.
② 해양수산부장관은 제1항에 따른 해양관측으로 얻은 정보를 체계적으로
수집ㆍ관리하고, 이에 관한 각종 통계를 생산ㆍ관리하여야 한다.
- 제15조(국가해양관측망의 구축·운영 등)
① 해양수산부장관은 해양관측을 효율적으로 수행하기 위하여 국가해양관측망을
구축ㆍ운영할 수 있다.
② 해양수산부장관은 제1항에 따른 국가해양관측망의 구축ㆍ운영 업무를 관계 행
정기관이나 그 밖에 해양관측 업무를 수행하는 기관과 협력하여 추진할 수 있다.
③ 해양수산부장관은 국가해양관측망의 구축ㆍ운영을 위하여 필요한 경우에는 관계
행정기관의 장에게 필요한 자료의 제출을 요청할 수 있다. 이 경우 요청을 받은
관계 행정기관의 장은 정당한 사유가 없으면 그 요청에 따라야 한다.
- 제43조(해양정보의 품질관리)
① 해양수산부장관은 해양정보의 정확도를 확보하기 위하여 해양정보의 품질관리
에 필요한 시책을 추진하여야 한다.
② 제1항에 따른 품질관리의 대상, 범위, 기준 및 절차 등에 관한 사항은
해양수산부령으로 정한다.
- 「연안관리법」 제4조(국가 등의 책무)
① 국가 및 지방자치단체는 연안의 지속가능한 보전ㆍ이용 및 개발을 위하여
필요한 시책을 마련하여야 한다.
② 국가 및 지방자치단체는 연안관리의 기본이념에 대한 국민의 인식을
증진시키고 연안환경의 훼손을 방지하기 위하여 노력하여야 한다.
③ 국민은 아름답고 쾌적한 연안환경의 보전 및 개선, 지속가능한 이용을 위하여
국가 및 지방자치단체의 시책에 적극적으로 협력하여야 한다.
- 제34조의2(연안정보체계의 구축 및 관리 등)
① 해양수산부장관은 연안관리정책의 합리적인 수립과 집행을 위하여 다음 각 호
의 사항이 포함된 연안정보체계를 구축하고 관리하여야 한다.
1. 연안의 지형(地形)ㆍ지물(地物) 등의 위치 및 속성
2. 연안 이용 현황
3. 해안선 등에 대한 지리정보
4. 항만ㆍ어항ㆍ도로ㆍ산업ㆍ도시ㆍ해양수산자원 등에 대한 인문정보ㆍ사회정보
5. 제34조의6제1항에 따른 연안재해 위험평가
6. 제34조의7제2항에 따른 등록사항
- 제34조2(연구개발) 해양수산부장관은 연안관리의 효율적 추진, 연안침식의 예방
이나 피해경감 등에 필요한 연구개발을 실시하여야 한다.
- 「해양과학조사법」제20조(해양과학조사의 장려)
① 정부는 다른 법률에 특별한 규정이 있는 경우를 제외하고는 대한민국 국민이
해양과학조사를 자유롭게 실시할 수 있도록 보장하고 적극 장려하여야 한다.
② 해양수산부장관은 해양과학기술의 진흥을 위하여 조사자료의 공개 및 제공이
원활히 이루어질 수 있도록 필요한 지원조치를 마련하여야 한다.
- 「해양수산발전기본법」제17조(해양과학조사 및 기술개발 등)
① 정부는 효율적인 해양관리를 위하여 대통령령으로 정하는 바에 따라 다음 각
호의 내용을 포함하는 해양과학조사계획을 수립하고, 이를 시행하여야 한다.
1. 해양과학조사에 관한 정부의 정책목표와 방향
2. 생태, 환경, 물리, 지질 등 해양과학조사의 조사항목과 조사항목별
조사방법에 "
행정안전부_재난안전 AI 관제체계 및 데이터 구축(정보화).pdf,행정안전부,행정안전부_재난안전 AI 관제체계 및 데이터 구축(정보화),R&D,6838,"사 업 명
(27) 재난안전 AI 관제체계 및 데이터 구축(정보화) (3032-509)
□ 사업 코드 정보
구분 회계 소관 실국(기관) 계정 분야 부문
코드 11 18 0 0 020 025
명칭 일반회계 행정안전부 안전예방정책실 - 공공질서및안전 재난관리
구분 프로그램 단위사업 세부사업
코드 3000 3032 509
재난안전 AI 관제체계 및
명칭 재난안전정보화 재난행정정보화(정보화)
데이터 구축(정보화)
□ 사업 성격 (공통요구자료 Ⅱ-1 작성유의사항 5. 참조, 해당하는 사항에 “○” 표시)
예비타당성 총사업비 총액계상 사업소관 변경정보
신규 계속 완료
실시여부 관리대상 예산사업 2025예산 시 소관
○ - - - -
□ 사업 지원 형태 및 지원율 (최소한 한 개는 반드시 선택하시오. 해당사항에 O 표시)
직접 출자 출연 보조 융자 국고보조율(%) 융자율 (%)
○
□ 사업 담당자
사업명 구분
재난안전 AI 안전예방정책실 재난안전정보통신국
소관부처
관제체계 및
재난안전데이터과
데이터 구축
사업시행주체 한국지역정보개발원
가. 예산 총괄표
(단위: 백만원, %)
2024년 2025년 예산 2026년 예산 증감
사업명
결산 본예산 추경(A) 요구안 본예산(B) (B-A) (B-A)/A
재난안전 AI
관제체계 및 3,251 5,075 5,075 12,369 12,369 7,294 143.7
데이터 구축
□ 기능별(내역사업별) 예산 내역
(단위: 백만원)
2024 2025
2026
예산액 예산 예산
집행액 이월액 불용액 본예산 집행액 이월액 불용액 예산
(추경) 현액 현액
○ 기능별 분류(합계) 3,251 3,251 3,251 - - 5,075 5,075 5,075 - - 12,369
․지능형 CCTV 관제
- 431 431 - - - - - - - -
지원시스템 구축 ISP
․지능형 표준 영상분석
- 820 820 - - - - - - - -
시험개발 및 시범적용
․재난안전 인공지능
- 2,000 2,000 - - 1,760 1,760 1,760 - - 1,554
영상분석 기술 실증
․AI기반 지자체 CCTV
- - - - - 3,315 3,315 3,315 - - 3,135
관제지원시스템 구축
․재난안전 AI 데이터
- - - - - - - - - - 7,680
체계적 제공
나. 사업설명자료
1) 사업목적·내용
<재난안전 AI 관제체계 및 데이터 구축>
- (AI 기반 지자체 CCTV 관제지원시스템 구축) 지자체 CCTV 실영상 기반 인공지능
영상분석 학습데이터 플랫폼 및 지자체 학습용 영상전송 인프라 구축·관리 체계 마련
- (재난안전 인공지능 영상분석 기술 실증) 민간영역에서 개발이 어려운 재난분야 학습
데이터 구축 및 재난식별 알고리즘을 개발·고도화 및 실증
- (재난안전 AI 데이터 체계적 제공) 과학적 재난관리를 위해 흩어진 데이터를 통합하고,
표준화된 데이터 관리체계를 마련하여 대규모의 고품질 AI 학습데이터 구축
2) 사업개요
□ 사업근거 및 추진경위
① 법령상 근거 및 조항 적시
- 재난 및 안전관리 기본법 제25조의4(재난관리책임기관의 장의 재난예방조치 등)
- 재난 및 안전관리 기본법 제71조(재난 및 안전관리에 필요한 과학기술의 진흥 등)
- 재난 및 안전관리 기본법 제74조의4(재난안전데이터 수집 등)
- 재난 및 안전관리 기본법 제74조의5(영상정보처리기기 통합관제센터)
- 재난 및 안전관리 기본법 시행령 제83조의3(재난안전데이터통합관리시스템의 운영 등)
- 재난 및 안전관리 기본법 시행령 제83조의6(영상정보처리기기 통합관제센터의 설치·운영)
- 재난 및 안전관리 기본법 시행령 제83조의7(통합관제센터 운영위원회의 설치·운영)
- 인공지능 발전과 신뢰 기반 조성 등에 관한 기본법 제15조(인공지능 학습용데이터 관련 시책의 수립 등)
- 인공지능 발전과 신뢰 기반 조성 등에 관한 기본법 제21조(전문인력의 확보)
- 인공지능 발전과 신뢰 기반 조성 등에 관한 기본법 제24조(인공지능 실증기반 조성 등)
- (이태원참사 국정조사 보고서) CCTV 연계망 구축 및 실시간 영상 공유 시정 요구
- (국가안전시스템 개편 종합대책) CCTV 개선 등을 통한 현장 재난상황관리 강화
- (국정과제 73) 재난 피해 최소화를 위한 예방·대응 강화
② 추진경위
- (’23.5월) 「재난안전법」 개정을 통한 행안부의 재난안전데이터 수집 근거 신설
- (’23.9월) 지능형 시스템 표준화 및 최적 운영모델 적용방안에 대한 선행연구R&D추진(2년간, 5억)
- (’23.12월) CCTV 영상정보 활용을 위한「재난안전법」개정안 21대 국회 제출
- (’24.1월) 한국지역정보개발원(KLID) 협약 체결(’24년 지능형 CCTV 관제체계 구축 사업)
- (’24.3월) ｢지자체 CCTV 관제체계 개선 지원단｣ 정부협업기구 발족
- (’24.5월) 지자체 CCTV 영상분석 기술실증 공모사업 추진(24.8억)
- (’24.7월) 지능형 관제 지원시스템 구축을 위한 ISP 수립(7.19)
- (’24.7월) CCTV 영상정보 활용을 위한「재난안전법」개정안 22대 재입법
- (’24.12월) CCTV 영상정보 활용을 위한「재난안전법」 개정안 국회 본회의 통과
(12.20) 및 국무회의 의결(12.31)
- (’25.1월) CCTV 영상정보 활용을 위한 「재난안전법」 개정(1.7)
- (’25.1월) 「인공지능기본법」 공포
- (’25.2월) 과학기술로 재난안전관리의 미래 준비를 위한 정책 설명회
- (’25.3월) ｢AI 기반 지자체 CCTV 관제지원시스템 구축｣ 1차 사업 착수
- (’25.3월) 개인정보가 포함된 재난안전데이터 수집근거 마련을 위한｢재난안전법 시행령｣ 개정(3.20)
- (’25.5월) 재난·안전 분야에 AI 기술 활용을 위한 전문가 간담회
- (’25.5월) 국가 AI위원회 ｢AI 현장 대화｣
- (’25.7월) 중앙안전관리위원회 심의·의결 결과, 재난안전예산 사전협의 결과 투자등급
확대 및 핵심사업 선정(지능형 CCTV 관제체계 구축)
- (’25.7월) 지자체 CCTV 통합관제센터 설치·운영 세부근거 마련 등을 위한 ｢재난
안전법 시행령｣ 개정(7.8."
